location,date,new_cases,new_deaths,new_vaccinations,total_cases,total_deaths,total_vaccinations
Philippines,2020-01-03,0.0,0.0,,,,
Philippines,2020-01-04,0.0,0.0,,,,
Philippines,2020-01-05,0.0,0.0,,,,
Philippines,2020-01-06,0.0,0.0,,,,
Philippines,2020-01-07,0.0,0.0,,,,
Philippines,2020-01-08,0.0,0.0,,,,
Philippines,2020-01-09,0.0,0.0,,,,
Philippines,2020-01-10,0.0,0.0,,,,
Philippines,2020-01-11,0.0,0.0,,,,
Philippines,2020-01-12,0.0,0.0,,,,
Philippines,2020-01-13,0.0,0.0,,,,
Philippines,2020-01-14,0.0,0.0,,,,
Philippines,2020-01-15,0.0,0.0,,,,
Philippines,2020-01-16,0.0,0.0,,,,
Philippines,2020-01-17,0.0,0.0,,,,
Philippines,2020-01-18,0.0,0.0,,,,
Philippines,2020-01-19,0.0,0.0,,,,
Philippines,2020-01-20,0.0,0.0,,,,
Philippines,2020-01-21,0.0,0.0,,,,
Philippines,2020-01-22,0.0,0.0,,,,
Philippines,2020-01-23,0.0,0.0,,,,
Philippines,2020-01-24,0.0,0.0,,,,
Philippines,2020-01-25,0.0,0.0,,,,
Philippines,2020-01-26,0.0,0.0,,,,
Philippines,2020-01-27,0.0,0.0,,,,
Philippines,2020-01-28,0.0,0.0,,,,
Philippines,2020-01-29,0.0,0.0,,,,
Philippines,2020-01-30,0.0,0.0,,,,
Philippines,2020-01-31,1.0,0.0,,1.0,,
Philippines,2020-02-01,0.0,0.0,,1.0,,
Philippines,2020-02-02,0.0,1.0,,1.0,1.0,
Philippines,2020-02-03,1.0,0.0,,2.0,1.0,
Philippines,2020-02-04,0.0,0.0,,2.0,1.0,
Philippines,2020-02-05,0.0,0.0,,2.0,1.0,
Philippines,2020-02-06,1.0,0.0,,3.0,1.0,
Philippines,2020-02-07,0.0,0.0,,3.0,1.0,
Philippines,2020-02-08,0.0,0.0,,3.0,1.0,
Philippines,2020-02-09,0.0,0.0,,3.0,1.0,
Philippines,2020-02-10,0.0,0.0,,3.0,1.0,
Philippines,2020-02-11,0.0,0.0,,3.0,1.0,
Philippines,2020-02-12,0.0,0.0,,3.0,1.0,
Philippines,2020-02-13,0.0,0.0,,3.0,1.0,
Philippines,2020-02-14,0.0,0.0,,3.0,1.0,
Philippines,2020-02-15,0.0,0.0,,3.0,1.0,
Philippines,2020-02-16,0.0,0.0,,3.0,1.0,
Philippines,2020-02-17,0.0,0.0,,3.0,1.0,
Philippines,2020-02-18,0.0,0.0,,3.0,1.0,
Philippines,2020-02-19,0.0,0.0,,3.0,1.0,
Philippines,2020-02-20,0.0,0.0,,3.0,1.0,
Philippines,2020-02-21,0.0,0.0,,3.0,1.0,
Philippines,2020-02-22,0.0,0.0,,3.0,1.0,
Philippines,2020-02-23,0.0,0.0,,3.0,1.0,
Philippines,2020-02-24,0.0,0.0,,3.0,1.0,
Philippines,2020-02-25,0.0,0.0,,3.0,1.0,
Philippines,2020-02-26,0.0,0.0,,3.0,1.0,
Philippines,2020-02-27,0.0,0.0,,3.0,1.0,
Philippines,2020-02-28,0.0,0.0,,3.0,1.0,
Philippines,2020-02-29,0.0,0.0,,3.0,1.0,
Philippines,2020-03-01,0.0,0.0,,3.0,1.0,
Philippines,2020-03-02,0.0,0.0,,3.0,1.0,
Philippines,2020-03-03,0.0,0.0,,3.0,1.0,
Philippines,2020-03-04,0.0,0.0,,3.0,1.0,
Philippines,2020-03-05,0.0,0.0,,3.0,1.0,
Philippines,2020-03-06,0.0,0.0,,3.0,1.0,
Philippines,2020-03-07,2.0,0.0,,5.0,1.0,
Philippines,2020-03-08,1.0,0.0,,6.0,1.0,
Philippines,2020-03-09,4.0,0.0,,10.0,1.0,
Philippines,2020-03-10,10.0,0.0,,20.0,1.0,
Philippines,2020-03-11,13.0,0.0,,33.0,1.0,
Philippines,2020-03-12,16.0,1.0,,49.0,2.0,
Philippines,2020-03-13,3.0,3.0,,52.0,5.0,
Philippines,2020-03-14,12.0,3.0,,64.0,8.0,
Philippines,2020-03-15,47.0,3.0,,111.0,11.0,
Philippines,2020-03-16,29.0,1.0,,140.0,12.0,
Philippines,2020-03-17,2.0,0.0,,142.0,12.0,
Philippines,2020-03-18,45.0,5.0,,187.0,17.0,
Philippines,2020-03-19,15.0,0.0,,202.0,17.0,
Philippines,2020-03-20,15.0,1.0,,217.0,18.0,
Philippines,2020-03-21,13.0,1.0,,230.0,19.0,
Philippines,2020-03-22,77.0,6.0,,307.0,25.0,
Philippines,2020-03-23,73.0,0.0,,380.0,25.0,
Philippines,2020-03-24,82.0,8.0,,462.0,33.0,
Philippines,2020-03-25,90.0,2.0,,552.0,35.0,
Philippines,2020-03-26,84.0,3.0,,636.0,38.0,
Philippines,2020-03-27,71.0,7.0,,707.0,45.0,
Philippines,2020-03-28,96.0,9.0,,803.0,54.0,
Philippines,2020-03-29,272.0,14.0,,1075.0,68.0,
Philippines,2020-03-30,343.0,3.0,,1418.0,71.0,
Philippines,2020-03-31,128.0,17.0,,1546.0,88.0,
Philippines,2020-04-01,538.0,0.0,,2084.0,88.0,
Philippines,2020-04-02,227.0,8.0,,2311.0,96.0,
Philippines,2020-04-03,322.0,11.0,,2633.0,107.0,
Philippines,2020-04-04,385.0,29.0,,3018.0,136.0,
Philippines,2020-04-05,76.0,8.0,,3094.0,144.0,
Philippines,2020-04-06,152.0,8.0,,3246.0,152.0,
Philippines,2020-04-07,414.0,11.0,,3660.0,163.0,
Philippines,2020-04-08,104.0,14.0,,3764.0,177.0,
Philippines,2020-04-09,106.0,5.0,,3870.0,182.0,
Philippines,2020-04-10,206.0,21.0,,4076.0,203.0,
Philippines,2020-04-11,119.0,18.0,,4195.0,221.0,
Philippines,2020-04-12,233.0,26.0,,4428.0,247.0,
Philippines,2020-04-13,220.0,50.0,,4648.0,297.0,
Philippines,2020-04-14,284.0,18.0,,4932.0,315.0,
Philippines,2020-04-15,291.0,20.0,,5223.0,335.0,
Philippines,2020-04-16,230.0,14.0,,5453.0,349.0,
Philippines,2020-04-17,207.0,13.0,,5660.0,362.0,
Philippines,2020-04-18,218.0,25.0,,5878.0,387.0,
Philippines,2020-04-19,209.0,10.0,,6087.0,397.0,
Philippines,2020-04-20,172.0,12.0,,6259.0,409.0,
Philippines,2020-04-21,200.0,19.0,,6459.0,428.0,
Philippines,2020-04-22,140.0,9.0,,6599.0,437.0,
Philippines,2020-04-23,111.0,9.0,,6710.0,446.0,
Philippines,2020-04-24,271.0,16.0,,6981.0,462.0,
Philippines,2020-04-25,211.0,15.0,,7192.0,477.0,
Philippines,2020-04-26,102.0,17.0,,7294.0,494.0,
Philippines,2020-04-27,285.0,7.0,,7579.0,501.0,
Philippines,2020-04-28,198.0,10.0,,7777.0,511.0,
Philippines,2020-04-29,181.0,19.0,,7958.0,530.0,
Philippines,2020-04-30,254.0,28.0,,8212.0,558.0,
Philippines,2020-05-01,276.0,10.0,,8488.0,568.0,
Philippines,2020-05-02,284.0,11.0,,8772.0,579.0,
Philippines,2020-05-03,156.0,24.0,,8928.0,603.0,
Philippines,2020-05-04,295.0,4.0,,9223.0,607.0,
Philippines,2020-05-05,262.0,16.0,,9485.0,623.0,
Philippines,2020-05-06,199.0,14.0,,9684.0,637.0,
Philippines,2020-05-07,320.0,21.0,,10004.0,658.0,
Philippines,2020-05-08,339.0,27.0,,10343.0,685.0,
Philippines,2020-05-09,120.0,11.0,,10463.0,696.0,
Philippines,2020-05-10,147.0,8.0,,10610.0,704.0,
Philippines,2020-05-11,184.0,15.0,,10794.0,719.0,
Philippines,2020-05-12,292.0,7.0,,11086.0,726.0,
Philippines,2020-05-13,264.0,25.0,,11350.0,751.0,
Philippines,2020-05-14,268.0,21.0,,11618.0,772.0,
Philippines,2020-05-15,258.0,18.0,,11876.0,790.0,
Philippines,2020-05-16,215.0,16.0,,12091.0,806.0,
Philippines,2020-05-17,214.0,11.0,,12305.0,817.0,
Philippines,2020-05-18,208.0,7.0,,12513.0,824.0,
Philippines,2020-05-19,205.0,7.0,,12718.0,831.0,
Philippines,2020-05-20,224.0,6.0,,12942.0,837.0,
Philippines,2020-05-21,279.0,5.0,,13221.0,842.0,
Philippines,2020-05-22,213.0,4.0,,13434.0,846.0,
Philippines,2020-05-23,163.0,11.0,,13597.0,857.0,
Philippines,2020-05-24,180.0,6.0,,13777.0,863.0,
Philippines,2020-05-25,258.0,5.0,,14035.0,868.0,
Philippines,2020-05-26,284.0,5.0,,14319.0,873.0,
Philippines,2020-05-27,350.0,13.0,,14669.0,886.0,
Philippines,2020-05-28,380.0,18.0,,15049.0,904.0,
Philippines,2020-05-29,539.0,17.0,,15588.0,921.0,
Philippines,2020-05-30,1046.0,21.0,,16634.0,942.0,
Philippines,2020-05-31,590.0,8.0,,17224.0,950.0,
Philippines,2020-06-01,862.0,7.0,,18086.0,957.0,
Philippines,2020-06-02,552.0,3.0,,18638.0,960.0,
Philippines,2020-06-03,359.0,6.0,,18997.0,966.0,
Philippines,2020-06-04,751.0,8.0,,19748.0,974.0,
Philippines,2020-06-05,634.0,10.0,,20382.0,984.0,
Philippines,2020-06-06,244.0,3.0,,20626.0,987.0,
Philippines,2020-06-07,714.0,7.0,,21340.0,994.0,
Philippines,2020-06-08,555.0,9.0,,21895.0,1003.0,
Philippines,2020-06-09,579.0,8.0,,22474.0,1011.0,
Philippines,2020-06-10,518.0,6.0,,22992.0,1017.0,
Philippines,2020-06-11,740.0,10.0,,23732.0,1027.0,
Philippines,2020-06-12,440.0,9.0,,24172.0,1036.0,
Philippines,2020-06-13,613.0,16.0,,24785.0,1052.0,
Philippines,2020-06-14,606.0,23.0,,25391.0,1075.0,
Philippines,2020-06-15,539.0,13.0,,25930.0,1088.0,
Philippines,2020-06-16,487.0,10.0,,26417.0,1098.0,
Philippines,2020-06-17,364.0,5.0,,26781.0,1103.0,
Philippines,2020-06-18,456.0,5.0,,27237.0,1108.0,
Philippines,2020-06-19,561.0,8.0,,27798.0,1116.0,
Philippines,2020-06-20,659.0,14.0,,28457.0,1130.0,
Philippines,2020-06-21,942.0,20.0,,29399.0,1150.0,
Philippines,2020-06-22,652.0,19.0,,30051.0,1169.0,
Philippines,2020-06-23,624.0,8.0,,30675.0,1177.0,
Philippines,2020-06-24,1150.0,9.0,,31825.0,1186.0,
Philippines,2020-06-25,466.0,18.0,,32291.0,1204.0,
Philippines,2020-06-26,776.0,8.0,,33067.0,1212.0,
Philippines,2020-06-27,998.0,12.0,,34065.0,1224.0,
Philippines,2020-06-28,737.0,12.0,,34802.0,1236.0,
Philippines,2020-06-29,647.0,8.0,,35449.0,1244.0,
Philippines,2020-06-30,989.0,11.0,,36438.0,1255.0,
Philippines,2020-07-01,1076.0,11.0,,37514.0,1266.0,
Philippines,2020-07-02,997.0,4.0,,38511.0,1270.0,
Philippines,2020-07-03,294.0,4.0,,38805.0,1274.0,
Philippines,2020-07-04,1531.0,6.0,,40336.0,1280.0,
Philippines,2020-07-05,1494.0,10.0,,41830.0,1290.0,
Philippines,2020-07-06,2424.0,7.0,,44254.0,1297.0,
Philippines,2020-07-07,2079.0,6.0,,46333.0,1303.0,
Philippines,2020-07-08,1487.0,6.0,,47820.0,1309.0,
Philippines,2020-07-09,2502.0,5.0,,50322.0,1314.0,
Philippines,2020-07-10,1359.0,4.0,,51681.0,1318.0,
Philippines,2020-07-11,1154.0,42.0,,52835.0,1360.0,
Philippines,2020-07-12,1300.0,12.0,,54135.0,1372.0,
Philippines,2020-07-13,2124.0,162.0,,56259.0,1534.0,
Philippines,2020-07-14,652.0,65.0,,56911.0,1599.0,
Philippines,2020-07-15,547.0,4.0,,57458.0,1603.0,
Philippines,2020-07-16,1392.0,11.0,,58850.0,1614.0,
Philippines,2020-07-17,2310.0,29.0,,61160.0,1643.0,
Philippines,2020-07-18,1787.0,17.0,,62947.0,1660.0,
Philippines,2020-07-19,2268.0,113.0,,65215.0,1773.0,
Philippines,2020-07-20,2162.0,58.0,,67377.0,1831.0,
Philippines,2020-07-21,1436.0,4.0,,68813.0,1835.0,
Philippines,2020-07-22,1951.0,2.0,,70764.0,1837.0,
Philippines,2020-07-23,1426.0,6.0,,72190.0,1843.0,
Philippines,2020-07-24,2151.0,28.0,,74341.0,1871.0,
Philippines,2020-07-25,2052.0,8.0,,76393.0,1879.0,
Philippines,2020-07-26,1945.0,18.0,,78338.0,1897.0,
Philippines,2020-07-27,2045.0,35.0,,80383.0,1932.0,
Philippines,2020-07-28,1612.0,13.0,,81995.0,1945.0,
Philippines,2020-07-29,1678.0,2.0,,83673.0,1947.0,
Philippines,2020-07-30,1747.0,15.0,,85420.0,1962.0,
Philippines,2020-07-31,3871.0,21.0,,89291.0,1983.0,
Philippines,2020-08-01,3980.0,40.0,,93271.0,2023.0,
Philippines,2020-08-02,4882.0,16.0,,98153.0,2039.0,
Philippines,2020-08-03,4951.0,20.0,,103104.0,2059.0,
Philippines,2020-08-04,3226.0,45.0,,106330.0,2104.0,
Philippines,2020-08-05,6188.0,11.0,,112518.0,2115.0,
Philippines,2020-08-06,3381.0,8.0,,115899.0,2123.0,
Philippines,2020-08-07,3476.0,27.0,,119375.0,2150.0,
Philippines,2020-08-08,3284.0,18.0,,122659.0,2168.0,
Philippines,2020-08-09,4145.0,41.0,,126804.0,2209.0,
Philippines,2020-08-10,3109.0,61.0,,129913.0,2270.0,
Philippines,2020-08-11,6638.0,23.0,,136551.0,2293.0,
Philippines,2020-08-12,2756.0,19.0,,139307.0,2312.0,
Philippines,2020-08-13,4217.0,92.0,,143524.0,2404.0,
Philippines,2020-08-14,3921.0,22.0,,147445.0,2426.0,
Philippines,2020-08-15,6122.0,16.0,,153567.0,2442.0,
Philippines,2020-08-16,4351.0,158.0,,157918.0,2600.0,
Philippines,2020-08-17,3242.0,65.0,,161160.0,2665.0,
Philippines,2020-08-18,3217.0,16.0,,164377.0,2681.0,
Philippines,2020-08-19,4747.0,6.0,,169124.0,2687.0,
Philippines,2020-08-20,4559.0,108.0,,173683.0,2795.0,
Philippines,2020-08-21,4339.0,88.0,,178022.0,2883.0,
Philippines,2020-08-22,4343.0,57.0,,182365.0,2940.0,
Philippines,2020-08-23,4858.0,26.0,,187223.0,2966.0,
Philippines,2020-08-24,2343.0,32.0,,189566.0,2998.0,
Philippines,2020-08-25,4633.0,12.0,,194199.0,3010.0,
Philippines,2020-08-26,2885.0,28.0,,197084.0,3038.0,
Philippines,2020-08-27,5248.0,99.0,,202332.0,3137.0,
Philippines,2020-08-28,3213.0,97.0,,205545.0,3234.0,
Philippines,2020-08-29,3949.0,91.0,,209494.0,3325.0,
Philippines,2020-08-30,3618.0,94.0,,213112.0,3419.0,
Philippines,2020-08-31,4265.0,101.0,,217377.0,3520.0,
Philippines,2020-09-01,3404.0,38.0,,220781.0,3558.0,
Philippines,2020-09-02,3441.0,39.0,,224222.0,3597.0,
Philippines,2020-09-03,2194.0,26.0,,226416.0,3623.0,
Philippines,2020-09-04,1987.0,65.0,,228403.0,3688.0,
Philippines,2020-09-05,3638.0,49.0,,232041.0,3737.0,
Philippines,2020-09-06,2485.0,53.0,,234526.0,3790.0,
Philippines,2020-09-07,2818.0,85.0,,237344.0,3875.0,
Philippines,2020-09-08,1362.0,15.0,,238706.0,3890.0,
Philippines,2020-09-09,3281.0,26.0,,241987.0,3916.0,
Philippines,2020-09-10,3139.0,70.0,,245126.0,3986.0,
Philippines,2020-09-11,3798.0,80.0,,248924.0,4066.0,
Philippines,2020-09-12,4008.0,42.0,,252932.0,4108.0,
Philippines,2020-09-13,4931.0,184.0,,257863.0,4292.0,
Philippines,2020-09-14,3326.0,79.0,,261189.0,4371.0,
Philippines,2020-09-15,4674.0,259.0,,265863.0,4630.0,
Philippines,2020-09-16,3544.0,33.0,,269407.0,4663.0,
Philippines,2020-09-17,3507.0,69.0,,272914.0,4732.0,
Philippines,2020-09-18,3355.0,53.0,,276269.0,4785.0,
Philippines,2020-09-19,3257.0,45.0,,279526.0,4830.0,
Philippines,2020-09-20,3905.0,100.0,,283431.0,4930.0,
Philippines,2020-09-21,3284.0,54.0,,286715.0,4984.0,
Philippines,2020-09-22,3439.0,15.0,,290154.0,4999.0,
Philippines,2020-09-23,1604.0,50.0,,291758.0,5049.0,
Philippines,2020-09-24,2833.0,42.0,,294591.0,5091.0,
Philippines,2020-09-25,2148.0,36.0,,296739.0,5127.0,
Philippines,2020-09-26,2606.0,69.0,,299345.0,5196.0,
Philippines,2020-09-27,1886.0,88.0,,301231.0,5284.0,
Philippines,2020-09-28,2984.0,60.0,,304215.0,5344.0,
Philippines,2020-09-29,3063.0,37.0,,307278.0,5381.0,
Philippines,2020-09-30,1990.0,67.0,,309268.0,5448.0,
Philippines,2020-10-01,2396.0,56.0,,311664.0,5504.0,
Philippines,2020-10-02,2403.0,58.0,,314067.0,5562.0,
Philippines,2020-10-03,2589.0,54.0,,316656.0,5616.0,
Philippines,2020-10-04,2651.0,62.0,,319307.0,5678.0,
Philippines,2020-10-05,3164.0,98.0,,322471.0,5776.0,
Philippines,2020-10-06,2269.0,64.0,,324740.0,5840.0,
Philippines,2020-10-07,2072.0,25.0,,326812.0,5865.0,
Philippines,2020-10-08,2825.0,60.0,,329637.0,5925.0,
Philippines,2020-10-09,2232.0,144.0,,331869.0,6069.0,
Philippines,2020-10-10,2808.0,83.0,,334677.0,6152.0,
Philippines,2020-10-11,2162.0,86.0,,336839.0,6238.0,
Philippines,2020-10-12,2413.0,83.0,,339252.0,6321.0,
Philippines,2020-10-13,3471.0,11.0,,342723.0,6332.0,
Philippines,2020-10-14,1903.0,40.0,,344626.0,6372.0,
Philippines,2020-10-15,1811.0,77.0,,346437.0,6449.0,
Philippines,2020-10-16,2174.0,48.0,,348611.0,6497.0,
Philippines,2020-10-17,3052.0,34.0,,351663.0,6531.0,
Philippines,2020-10-18,2590.0,72.0,,354253.0,6603.0,
Philippines,2020-10-19,2266.0,49.0,,356519.0,6652.0,
Philippines,2020-10-20,2650.0,23.0,,359169.0,6675.0,
Philippines,2020-10-21,1565.0,15.0,,360734.0,6690.0,
Philippines,2020-10-22,1490.0,57.0,,362224.0,6747.0,
Philippines,2020-10-23,1652.0,36.0,,363876.0,6783.0,
Philippines,2020-10-24,1886.0,132.0,,365762.0,6915.0,
Philippines,2020-10-25,2043.0,19.0,,367805.0,6934.0,
Philippines,2020-10-26,2218.0,43.0,,370023.0,6977.0,
Philippines,2020-10-27,1607.0,62.0,,371630.0,7039.0,
Philippines,2020-10-28,1497.0,14.0,,373127.0,7053.0,
Philippines,2020-10-29,2053.0,61.0,,375180.0,7114.0,
Philippines,2020-10-30,1747.0,33.0,,376927.0,7147.0,
Philippines,2020-10-31,1999.0,38.0,,378926.0,7185.0,
Philippines,2020-11-01,1791.0,36.0,,380717.0,7221.0,
Philippines,2020-11-02,2385.0,17.0,,383102.0,7238.0,
Philippines,2020-11-03,2287.0,31.0,,385389.0,7269.0,
Philippines,2020-11-04,1772.0,49.0,,387161.0,7318.0,
Philippines,2020-11-05,965.0,49.0,,388126.0,7367.0,
Philippines,2020-11-06,1591.0,42.0,,389717.0,7409.0,
Philippines,2020-11-07,2087.0,52.0,,391804.0,7461.0,
Philippines,2020-11-08,2149.0,24.0,,393953.0,7485.0,
Philippines,2020-11-09,2438.0,54.0,,396391.0,7539.0,
Philippines,2020-11-10,2058.0,108.0,,398449.0,7647.0,
Philippines,2020-11-11,1295.0,14.0,,399744.0,7661.0,
Philippines,2020-11-12,1667.0,49.0,,401411.0,7710.0,
Philippines,2020-11-13,1409.0,11.0,,402820.0,7721.0,
Philippines,2020-11-14,1867.0,31.0,,404687.0,7752.0,
Philippines,2020-11-15,1621.0,39.0,,406308.0,7791.0,
Philippines,2020-11-16,1528.0,41.0,,407836.0,7832.0,
Philippines,2020-11-17,1738.0,7.0,,409574.0,7839.0,
Philippines,2020-11-18,1140.0,23.0,,410714.0,7862.0,
Philippines,2020-11-19,1379.0,95.0,,412093.0,7957.0,
Philippines,2020-11-20,1335.0,41.0,,413428.0,7998.0,
Philippines,2020-11-21,1633.0,27.0,,415061.0,8025.0,
Philippines,2020-11-22,1789.0,55.0,,416850.0,8080.0,
Philippines,2020-11-23,1965.0,43.0,,418815.0,8123.0,
Philippines,2020-11-24,1789.0,50.0,,420604.0,8173.0,
Philippines,2020-11-25,1118.0,12.0,,421722.0,8185.0,
Philippines,2020-11-26,1183.0,30.0,,422905.0,8215.0,
Philippines,2020-11-27,1382.0,27.0,,424287.0,8242.0,
Philippines,2020-11-28,1617.0,13.0,,425904.0,8255.0,
Philippines,2020-11-29,1886.0,78.0,,427790.0,8333.0,
Philippines,2020-11-30,2067.0,40.0,,429857.0,8373.0,
Philippines,2020-12-01,1770.0,19.0,,431627.0,8392.0,
Philippines,2020-12-02,1292.0,26.0,,432919.0,8418.0,
Philippines,2020-12-03,1433.0,18.0,,434352.0,8436.0,
Philippines,2020-12-04,1059.0,10.0,,435411.0,8446.0,
Philippines,2020-12-05,925.0,63.0,,436336.0,8509.0,
Philippines,2020-12-06,1730.0,17.0,,438066.0,8526.0,
Philippines,2020-12-07,1759.0,28.0,,439825.0,8554.0,
Philippines,2020-12-08,1560.0,18.0,,441385.0,8572.0,
Philippines,2020-12-09,1392.0,98.0,,442777.0,8670.0,
Philippines,2020-12-10,1379.0,7.0,,444156.0,8677.0,
Philippines,2020-12-11,1379.0,24.0,,445535.0,8701.0,
Philippines,2020-12-12,1495.0,8.0,,447030.0,8709.0,
Philippines,2020-12-13,1301.0,21.0,,448331.0,8730.0,
Philippines,2020-12-14,1063.0,3.0,,449394.0,8733.0,
Philippines,2020-12-15,1310.0,24.0,,450704.0,8757.0,
Philippines,2020-12-16,1128.0,55.0,,451832.0,8812.0,
Philippines,2020-12-17,1145.0,21.0,,452977.0,8833.0,
Philippines,2020-12-18,1463.0,17.0,,454440.0,8850.0,
Philippines,2020-12-19,2113.0,25.0,,456553.0,8875.0,
Philippines,2020-12-20,1482.0,36.0,,458035.0,8911.0,
Philippines,2020-12-21,1749.0,36.0,,459784.0,8947.0,
Philippines,2020-12-22,1717.0,10.0,,461501.0,8957.0,
Philippines,2020-12-23,1314.0,64.0,,462815.0,9021.0,
Philippines,2020-12-24,1133.0,27.0,,463948.0,9048.0,
Philippines,2020-12-25,1768.0,7.0,,465716.0,9055.0,
Philippines,2020-12-26,1883.0,7.0,,467599.0,9062.0,
Philippines,2020-12-27,1404.0,5.0,,469003.0,9067.0,
Philippines,2020-12-28,881.0,42.0,,469884.0,9109.0,
Philippines,2020-12-29,756.0,15.0,,470640.0,9124.0,
Philippines,2020-12-30,878.0,38.0,,471518.0,9162.0,
Philippines,2020-12-31,1005.0,68.0,,472523.0,9230.0,
Philippines,2021-01-01,3296.0,14.0,,475819.0,9244.0,
Philippines,2021-01-02,1097.0,4.0,,476916.0,9248.0,
Philippines,2021-01-03,886.0,5.0,,477802.0,9253.0,
Philippines,2021-01-04,954.0,4.0,,478756.0,9257.0,
Philippines,2021-01-05,934.0,6.0,,479690.0,9263.0,
Philippines,2021-01-06,1047.0,58.0,,480737.0,9321.0,
Philippines,2021-01-07,1339.0,26.0,,482076.0,9347.0,
Philippines,2021-01-08,1769.0,9.0,,483845.0,9356.0,
Philippines,2021-01-09,1939.0,8.0,,485784.0,9364.0,
Philippines,2021-01-10,1900.0,34.0,,487684.0,9398.0,
Philippines,2021-01-11,2050.0,7.0,,489734.0,9405.0,
Philippines,2021-01-12,1513.0,11.0,,491247.0,9416.0,
Philippines,2021-01-13,1446.0,138.0,,492693.0,9554.0,
Philippines,2021-01-14,1905.0,145.0,,494598.0,9699.0,
Philippines,2021-01-15,2035.0,40.0,,496633.0,9739.0,
Philippines,2021-01-16,2049.0,137.0,,498682.0,9876.0,
Philippines,2021-01-17,1891.0,8.0,,500573.0,9884.0,
Philippines,2021-01-18,2159.0,11.0,,502732.0,9895.0,
Philippines,2021-01-19,1345.0,14.0,,504077.0,9909.0,
Philippines,2021-01-20,1857.0,69.0,,505934.0,9978.0,
Philippines,2021-01-21,1775.0,64.0,,507709.0,10042.0,
Philippines,2021-01-22,2173.0,74.0,,509882.0,10116.0,
Philippines,2021-01-23,1788.0,20.0,,511670.0,10136.0,
Philippines,2021-01-24,1949.0,54.0,,513619.0,10190.0,
Philippines,2021-01-25,1374.0,52.0,,514993.0,10242.0,
Philippines,2021-01-26,1169.0,50.0,,516162.0,10292.0,
Philippines,2021-01-27,2244.0,94.0,,518406.0,10386.0,
Philippines,2021-01-28,1158.0,95.0,,519564.0,10481.0,
Philippines,2021-01-29,1843.0,71.0,,521407.0,10552.0,
Philippines,2021-01-30,2108.0,48.0,,523515.0,10600.0,
Philippines,2021-01-31,2099.0,69.0,,525614.0,10669.0,
Philippines,2021-02-01,1656.0,80.0,,527270.0,10749.0,
Philippines,2021-02-02,1582.0,58.0,,528852.0,10807.0,
Philippines,2021-02-03,1257.0,67.0,,530109.0,10874.0,
Philippines,2021-02-04,1584.0,68.0,,531693.0,10942.0,
Philippines,2021-02-05,1887.0,55.0,,533580.0,10997.0,
Philippines,2021-02-06,1940.0,61.0,,535520.0,11058.0,
Philippines,2021-02-07,1785.0,52.0,,537305.0,11110.0,
Philippines,2021-02-08,1687.0,69.0,,538992.0,11179.0,
Philippines,2021-02-09,1223.0,52.0,,540215.0,11231.0,
Philippines,2021-02-10,1333.0,65.0,,541548.0,11296.0,
Philippines,2021-02-11,1730.0,105.0,,543278.0,11401.0,
Philippines,2021-02-12,2017.0,68.0,,545295.0,11469.0,
Philippines,2021-02-13,1953.0,26.0,,547248.0,11495.0,
Philippines,2021-02-14,1927.0,12.0,,549175.0,11507.0,
Philippines,2021-02-15,1680.0,8.0,,550855.0,11515.0,
Philippines,2021-02-16,1385.0,2.0,,552240.0,11517.0,
Philippines,2021-02-17,1179.0,7.0,,553419.0,11524.0,
Philippines,2021-02-18,1739.0,53.0,,555158.0,11577.0,
Philippines,2021-02-19,1900.0,96.0,,557058.0,11673.0,
Philippines,2021-02-20,2223.0,156.0,,559281.0,11829.0,
Philippines,2021-02-21,1887.0,239.0,,561168.0,12068.0,
Philippines,2021-02-22,2283.0,20.0,,563451.0,12088.0,
Philippines,2021-02-23,1412.0,6.0,,564863.0,12094.0,
Philippines,2021-02-24,1549.0,13.0,,566412.0,12107.0,
Philippines,2021-02-25,2264.0,22.0,,568676.0,12129.0,
Philippines,2021-02-26,2650.0,72.0,,571326.0,12201.0,
Philippines,2021-02-27,2913.0,46.0,,574239.0,12247.0,
Philippines,2021-02-28,2105.0,42.0,,576344.0,12289.0,0.0
Philippines,2021-03-01,2031.0,29.0,756.0,578375.0,12318.0,756.0
Philippines,2021-03-02,2065.0,4.0,2037.0,580440.0,12322.0,2793.0
Philippines,2021-03-03,1775.0,47.0,,582215.0,12369.0,
Philippines,2021-03-04,2444.0,20.0,,584659.0,12389.0,10000.0
Philippines,2021-03-05,3040.0,15.0,,587699.0,12404.0,
Philippines,2021-03-06,3437.0,19.0,,591136.0,12423.0,25138.0
Philippines,2021-03-07,3271.0,42.0,4128.0,594407.0,12465.0,29266.0
Philippines,2021-03-08,3353.0,51.0,14734.0,597760.0,12516.0,44000.0
Philippines,2021-03-09,2662.0,5.0,45077.0,600422.0,12521.0,89077.0
Philippines,2021-03-10,2877.0,7.0,25423.0,603299.0,12528.0,114500.0
Philippines,2021-03-11,3741.0,17.0,,607040.0,12545.0,
Philippines,2021-03-12,4571.0,63.0,,611611.0,12608.0,
Philippines,2021-03-13,4988.0,86.0,,616599.0,12694.0,193492.0
Philippines,2021-03-14,4890.0,72.0,,621489.0,12766.0,
Philippines,2021-03-15,5394.0,63.0,,626883.0,12829.0,215997.0
Philippines,2021-03-16,4428.0,8.0,797.0,631311.0,12837.0,216794.0
Philippines,2021-03-17,4383.0,11.0,52789.0,635694.0,12848.0,269583.0
Philippines,2021-03-18,5269.0,18.0,,640963.0,12866.0,
Philippines,2021-03-19,7094.0,21.0,,648057.0,12887.0,
Philippines,2021-03-20,7980.0,13.0,,656037.0,12900.0,336656.0
Philippines,2021-03-21,7736.0,30.0,,663773.0,12930.0,
Philippines,2021-03-22,8013.0,38.0,,671786.0,12968.0,
Philippines,2021-03-23,5861.0,4.0,,677647.0,12972.0,508332.0
Philippines,2021-03-24,6628.0,20.0,,684275.0,12992.0,
Philippines,2021-03-25,8743.0,47.0,,693018.0,13039.0,
Philippines,2021-03-26,9829.0,56.0,,702847.0,13095.0,
Philippines,2021-03-27,9570.0,54.0,,712417.0,13149.0,656331.0
Philippines,2021-03-28,9461.0,10.0,,721878.0,13159.0,
Philippines,2021-03-29,10007.0,11.0,,731885.0,13170.0,
Philippines,2021-03-30,9275.0,16.0,,741160.0,13186.0,738913.0
Philippines,2021-03-31,6107.0,5.0,,747267.0,13191.0,
Philippines,2021-04-01,8920.0,106.0,,756187.0,13297.0,
Philippines,2021-04-02,15280.0,6.0,,771467.0,13303.0,
Philippines,2021-04-03,12556.0,17.0,,784023.0,13320.0,
Philippines,2021-04-04,11020.0,103.0,,795043.0,13423.0,
Philippines,2021-04-05,8344.0,2.0,,803387.0,13425.0,855457.0
Philippines,2021-04-06,9363.0,10.0,67441.0,812750.0,13435.0,922898.0
Philippines,2021-04-07,6400.0,382.0,,819150.0,13817.0,
Philippines,2021-04-08,9179.0,242.0,,828329.0,14059.0,
Philippines,2021-04-09,12206.0,60.0,,840535.0,14119.0,
Philippines,2021-04-10,12652.0,401.0,,853187.0,14520.0,
Philippines,2021-04-11,11660.0,224.0,,864847.0,14744.0,1139644.0
Philippines,2021-04-12,11365.0,201.0,62653.0,876212.0,14945.0,1202297.0
Philippines,2021-04-13,8546.0,204.0,53419.0,884758.0,15149.0,1255716.0
Philippines,2021-04-14,8098.0,137.0,56640.0,892856.0,15286.0,1312356.0
Philippines,2021-04-15,11389.0,161.0,,904245.0,15447.0,
Philippines,2021-04-16,10706.0,147.0,,914951.0,15594.0,
Philippines,2021-04-17,11084.0,144.0,,926035.0,15738.0,1456793.0
Philippines,2021-04-18,10082.0,72.0,20964.0,936117.0,15810.0,1477757.0
Philippines,2021-04-19,9610.0,150.0,29790.0,945727.0,15960.0,1507547.0
Philippines,2021-04-20,7353.0,88.0,55016.0,953080.0,16048.0,1562563.0
Philippines,2021-04-21,9202.0,93.0,49857.0,962282.0,16141.0,1612420.0
Philippines,2021-04-22,8739.0,124.0,54267.0,971021.0,16265.0,1666687.0
Philippines,2021-04-23,8698.0,105.0,65672.0,979719.0,16370.0,1732359.0
Philippines,2021-04-24,9680.0,159.0,21106.0,989399.0,16529.0,1753465.0
Philippines,2021-04-25,8100.0,145.0,,997499.0,16674.0,
Philippines,2021-04-26,8915.0,109.0,,1006414.0,16783.0,1767940.0
Philippines,2021-04-27,7186.0,70.0,41861.0,1013600.0,16853.0,1809801.0
Philippines,2021-04-28,6862.0,63.0,39765.0,1020462.0,16916.0,1849566.0
Philippines,2021-04-29,8250.0,229.0,31409.0,1028712.0,17145.0,1880975.0
Philippines,2021-04-30,8715.0,89.0,38876.0,1037427.0,17234.0,1919851.0
Philippines,2021-05-01,9210.0,120.0,21345.0,1046637.0,17354.0,1941196.0
Philippines,2021-05-02,8333.0,77.0,,1054970.0,17431.0,
Philippines,2021-05-03,7240.0,94.0,,1062210.0,17525.0,1999214.0
Philippines,2021-05-04,5660.0,97.0,66021.0,1067870.0,17622.0,2065235.0
Philippines,2021-05-05,5665.0,178.0,63950.0,1073535.0,17800.0,2129185.0
Philippines,2021-05-06,6617.0,191.0,,1080152.0,17991.0,
Philippines,2021-05-07,7718.0,108.0,,1087870.0,18099.0,2314377.0
Philippines,2021-05-08,6964.0,170.0,81117.0,1094834.0,18269.0,2395494.0
Philippines,2021-05-09,7146.0,203.0,13287.0,1101980.0,18472.0,2408781.0
Philippines,2021-05-10,6833.0,90.0,,1108813.0,18562.0,
Philippines,2021-05-11,4704.0,58.0,,1113517.0,18620.0,2542066.0
Philippines,2021-05-12,4822.0,94.0,,1118339.0,18714.0,
Philippines,2021-05-13,6344.0,107.0,,1124683.0,18821.0,2714677.0
Philippines,2021-05-14,6765.0,137.0,75610.0,1131448.0,18958.0,2790287.0
Philippines,2021-05-15,6725.0,93.0,130909.0,1138173.0,19051.0,2921196.0
Philippines,2021-05-16,5773.0,140.0,80679.0,1143946.0,19191.0,3001875.0
Philippines,2021-05-17,5955.0,71.0,,1149901.0,19262.0,
Philippines,2021-05-18,4470.0,110.0,,1154371.0,19372.0,3299470.0
Philippines,2021-05-19,4684.0,135.0,,1159055.0,19507.0,
Philippines,2021-05-20,6083.0,134.0,,1165138.0,19641.0,3718308.0
Philippines,2021-05-21,6248.0,122.0,237984.0,1171386.0,19763.0,3956292.0
Philippines,2021-05-22,6821.0,183.0,141133.0,1178207.0,19946.0,4097425.0
Philippines,2021-05-23,1584.0,5.0,72480.0,1179791.0,19951.0,4169905.0
Philippines,2021-05-24,4909.0,32.0,135670.0,1184700.0,19983.0,4305575.0
Philippines,2021-05-25,3966.0,36.0,189800.0,1188666.0,20019.0,4495375.0
Philippines,2021-05-26,5281.0,150.0,170983.0,1193947.0,20169.0,4666358.0
Philippines,2021-05-27,6459.0,210.0,196000.0,1200406.0,20379.0,4862358.0
Philippines,2021-05-28,8733.0,187.0,,1209139.0,20566.0,
Philippines,2021-05-29,7430.0,156.0,,1216569.0,20722.0,
Philippines,2021-05-30,7048.0,138.0,,1223617.0,20860.0,5180721.0
Philippines,2021-05-31,6673.0,106.0,,1230290.0,20966.0,
Philippines,2021-06-01,5169.0,46.0,,1235459.0,21012.0,5382172.0
Philippines,2021-06-02,5223.0,146.0,135351.0,1240682.0,21158.0,5517523.0
Philippines,2021-06-03,7205.0,199.0,,1247887.0,21357.0,
Philippines,2021-06-04,7431.0,180.0,,1255318.0,21537.0,5828735.0
Philippines,2021-06-05,6932.0,195.0,78520.0,1262250.0,21732.0,5907255.0
Philippines,2021-06-06,7215.0,166.0,58396.0,1269465.0,21898.0,5965651.0
Philippines,2021-06-07,6531.0,71.0,130557.0,1275996.0,21969.0,6096208.0
Philippines,2021-06-08,4759.0,95.0,218340.0,1280755.0,22064.0,6314548.0
Philippines,2021-06-09,5447.0,126.0,156228.0,1286202.0,22190.0,6470776.0
Philippines,2021-06-10,7461.0,122.0,143641.0,1293663.0,22312.0,6614417.0
Philippines,2021-06-11,6662.0,195.0,,1300325.0,22507.0,
Philippines,2021-06-12,8012.0,145.0,,1308337.0,22652.0,6870054.0
Philippines,2021-06-13,7290.0,136.0,78495.0,1315627.0,22788.0,6948549.0
Philippines,2021-06-14,6415.0,57.0,96831.0,1322042.0,22845.0,7045380.0
Philippines,2021-06-15,5376.0,118.0,322929.0,1327418.0,22963.0,7368309.0
Philippines,2021-06-16,5402.0,158.0,194932.0,1332820.0,23121.0,7563241.0
Philippines,2021-06-17,6623.0,155.0,285151.0,1339443.0,23276.0,7848392.0
Philippines,2021-06-18,6818.0,109.0,202319.0,1346261.0,23385.0,8050711.0
Philippines,2021-06-19,6951.0,153.0,172048.0,1353212.0,23538.0,8222759.0
Philippines,2021-06-20,5778.0,83.0,184583.0,1358990.0,23621.0,8407342.0
Philippines,2021-06-21,5238.0,128.0,184064.0,1364228.0,23749.0,8591406.0
Philippines,2021-06-22,3651.0,60.0,,1367879.0,23809.0,
Philippines,2021-06-23,4338.0,119.0,,1372217.0,23928.0,
Philippines,2021-06-24,6024.0,108.0,,1378241.0,24036.0,
Philippines,2021-06-25,6799.0,116.0,,1385040.0,24152.0,9542612.0
Philippines,2021-06-26,6856.0,92.0,,1391896.0,24244.0,
Philippines,2021-06-27,6088.0,128.0,,1397984.0,24372.0,10065414.0
Philippines,2021-06-28,5595.0,84.0,,1403579.0,24456.0,
Philippines,2021-06-29,4471.0,101.0,,1408050.0,24557.0,10236354.0
Philippines,2021-06-30,4492.0,105.0,207053.0,1412542.0,24662.0,10443407.0
Philippines,2021-07-01,5784.0,135.0,260297.0,1418326.0,24797.0,10703704.0
Philippines,2021-07-02,6185.0,176.0,,1424511.0,24973.0,
Philippines,2021-07-03,5892.0,90.0,,1430403.0,25063.0,
Philippines,2021-07-04,5951.0,86.0,,1436354.0,25149.0,11708029.0
Philippines,2021-07-05,5364.0,43.0,,1441718.0,25192.0,
Philippines,2021-07-06,4103.0,104.0,,1445821.0,25296.0,11967805.0
Philippines,2021-07-07,4280.0,163.0,211632.0,1450101.0,25459.0,12179437.0
Philippines,2021-07-08,5473.0,191.0,310340.0,1455574.0,25650.0,12489777.0
Philippines,2021-07-09,5870.0,70.0,,1461444.0,25720.0,
Philippines,2021-07-10,5665.0,96.0,,1467109.0,25816.0,12942364.0
Philippines,2021-07-11,5754.0,99.0,179913.0,1472863.0,25915.0,13122277.0
Philippines,2021-07-12,5193.0,100.0,74005.0,1478056.0,26015.0,13196282.0
Philippines,2021-07-13,3595.0,77.0,246017.0,1481651.0,26092.0,13442299.0
Philippines,2021-07-14,3793.0,140.0,,1485444.0,26232.0,
Philippines,2021-07-15,5208.0,82.0,,1490652.0,26314.0,14074514.0
Philippines,2021-07-16,5667.0,162.0,391272.0,1496319.0,26476.0,14465786.0
Philippines,2021-07-17,6025.0,122.0,,1502344.0,26598.0,
Philippines,2021-07-18,5401.0,116.0,,1507745.0,26714.0,
Philippines,2021-07-19,5642.0,72.0,,1513387.0,26786.0,15096261.0
Philippines,2021-07-20,4502.0,58.0,,1517889.0,26844.0,
Philippines,2021-07-21,6549.0,30.0,,1524438.0,26874.0,15616562.0
Philippines,2021-07-22,5814.0,17.0,,1530252.0,26891.0,
Philippines,2021-07-23,6814.0,0.0,,1537066.0,26891.0,16426267.0
Philippines,2021-07-24,6210.0,240.0,,1543276.0,27131.0,
Philippines,2021-07-25,5456.0,93.0,,1548732.0,27224.0,17066135.0
Philippines,2021-07-26,6502.0,23.0,136286.0,1555234.0,27247.0,17202421.0
Philippines,2021-07-27,6955.0,71.0,312955.0,1562189.0,27318.0,17515376.0
Philippines,2021-07-28,4364.0,83.0,,1566553.0,27401.0,
Philippines,2021-07-29,5709.0,176.0,,1572262.0,27577.0,19359927.0
Philippines,2021-07-30,8556.0,145.0,,1580818.0,27722.0,
Philippines,2021-07-31,8136.0,167.0,,1588954.0,27889.0,
Philippines,2021-08-01,8641.0,127.0,,1597595.0,28016.0,
Philippines,2021-08-02,8067.0,77.0,,1605662.0,28093.0,20863544.0
Philippines,2021-08-03,6820.0,48.0,1625161.0,1612482.0,28141.0,22488705.0
Philippines,2021-08-04,7207.0,90.0,,1619689.0,28231.0,
Philippines,2021-08-05,8033.0,196.0,,1627722.0,28427.0,23199187.0
Philippines,2021-08-06,10608.0,246.0,,1638330.0,28673.0,
Philippines,2021-08-07,10997.0,162.0,,1649327.0,28835.0,
Philippines,2021-08-08,9487.0,287.0,,1658814.0,29122.0,24990042.0
Philippines,2021-08-09,8782.0,6.0,,1667596.0,29128.0,
Philippines,2021-08-10,8423.0,92.0,,1676019.0,29220.0,
Philippines,2021-08-11,11905.0,154.0,,1687924.0,29374.0,26127502.0
Philippines,2021-08-12,12201.0,165.0,,1700125.0,29539.0,
Philippines,2021-08-13,12857.0,299.0,,1712982.0,29838.0,
Philippines,2021-08-14,13885.0,232.0,,1726867.0,30070.0,
Philippines,2021-08-15,14369.0,270.0,,1741236.0,30340.0,27806881.0
Philippines,2021-08-16,14404.0,26.0,501612.0,1755640.0,30366.0,28308493.0
Philippines,2021-08-17,9770.0,96.0,,1765410.0,30462.0,
Philippines,2021-08-18,10698.0,161.0,,1776108.0,30623.0,29127240.0
Philippines,2021-08-19,14461.0,258.0,,1790569.0,30881.0,
Philippines,2021-08-20,16788.0,317.0,,1807357.0,31198.0,
Philippines,2021-08-21,16234.0,398.0,,1823591.0,31596.0,
Philippines,2021-08-22,15723.0,214.0,,1839314.0,31810.0,30389160.0
Philippines,2021-08-23,18310.0,151.0,303859.0,1857624.0,31961.0,30693019.0
Philippines,2021-08-24,11891.0,303.0,,1869515.0,32264.0,
Philippines,2021-08-25,13372.0,228.0,,1882887.0,32492.0,31433450.0
Philippines,2021-08-26,16127.0,236.0,,1899014.0,32728.0,
Philippines,2021-08-27,17652.0,113.0,,1916666.0,32841.0,
Philippines,2021-08-28,18829.0,167.0,,1935495.0,33008.0,
Philippines,2021-08-29,18341.0,101.0,,1953836.0,33109.0,33099392.0
Philippines,2021-08-30,22194.0,221.0,,1976030.0,33330.0,
Philippines,2021-08-31,13709.0,118.0,,1989739.0,33448.0,33706295.0
Philippines,2021-09-01,14124.0,85.0,406025.0,2003863.0,33533.0,34112320.0
Philippines,2021-09-02,16395.0,147.0,,2020258.0,33680.0,
Philippines,2021-09-03,20085.0,193.0,,2040343.0,33873.0,
Philippines,2021-09-04,20622.0,189.0,,2060965.0,34062.0,
Philippines,2021-09-05,19951.0,172.0,,2080916.0,34234.0,35838964.0
Philippines,2021-09-06,22380.0,103.0,156849.0,2103296.0,34337.0,35995813.0
Philippines,2021-09-07,18001.0,161.0,,2121297.0,34498.0,
Philippines,2021-09-08,17775.0,174.0,,2139072.0,34672.0,37176513.0
Philippines,2021-09-09,22734.0,61.0,551601.0,2161806.0,34733.0,37728114.0
Philippines,2021-09-10,17912.0,166.0,,2179718.0,34899.0,
Philippines,2021-09-11,26238.0,79.0,,2205956.0,34978.0,
Philippines,2021-09-12,21370.0,167.0,,2227326.0,35145.0,38746501.0
Philippines,2021-09-13,20684.0,162.0,395704.0,2248010.0,35307.0,39142205.0
Philippines,2021-09-14,18012.0,222.0,387868.0,2266022.0,35529.0,39530073.0
Philippines,2021-09-15,16909.0,213.0,500315.0,2282931.0,35742.0,40030388.0
Philippines,2021-09-16,21208.0,276.0,488457.0,2304139.0,36018.0,40518845.0
Philippines,2021-09-17,20277.0,310.0,,2324416.0,36328.0,
Philippines,2021-09-18,23062.0,255.0,,2347478.0,36583.0,
Philippines,2021-09-19,19201.0,205.0,,2366679.0,36788.0,41414015.0
Philippines,2021-09-20,18876.0,146.0,,2385555.0,36934.0,
Philippines,2021-09-21,16272.0,140.0,,2401827.0,37074.0,42131771.0
Philippines,2021-09-22,15515.0,154.0,,2417342.0,37228.0,
Philippines,2021-09-23,17327.0,177.0,,2434669.0,37405.0,43088582.0
Philippines,2021-09-24,18599.0,0.0,,2453268.0,37405.0,
Philippines,2021-09-25,16835.0,0.0,,2470103.0,37405.0,
Philippines,2021-09-26,20696.0,0.0,,2490799.0,37405.0,43933886.0
Philippines,2021-09-27,18320.0,89.0,427399.0,2509119.0,37494.0,44361285.0
Philippines,2021-09-28,13808.0,484.0,380456.0,2522927.0,37978.0,44741741.0
Philippines,2021-09-29,12753.0,186.0,405836.0,2535680.0,38164.0,45147577.0
Philippines,2021-09-30,14241.0,130.0,453519.0,2549921.0,38294.0,45601096.0
Philippines,2021-10-01,15466.0,199.0,,2565387.0,38493.0,
Philippines,2021-10-02,14739.0,163.0,,2580126.0,38656.0,
Philippines,2021-10-03,13166.0,112.0,,2593292.0,38768.0,46380460.0
Philippines,2021-10-04,10723.0,60.0,398206.0,2604015.0,38828.0,46778666.0
Philippines,2021-10-05,9034.0,0.0,1000085.0,2613049.0,38828.0,47778751.0
Philippines,2021-10-06,9868.0,0.0,612068.0,2622917.0,38828.0,48390819.0
Philippines,2021-10-07,9964.0,109.0,534697.0,2632881.0,38937.0,48925516.0
Philippines,2021-10-08,10559.0,295.0,,2643440.0,39232.0,
Philippines,2021-10-09,10963.0,273.0,,2654403.0,39505.0,
Philippines,2021-10-10,12119.0,119.0,,2666522.0,39624.0,49673491.0
Philippines,2021-10-11,8235.0,36.0,393099.0,2674757.0,39660.0,50066590.0
Philippines,2021-10-12,8517.0,236.0,409365.0,2683274.0,39896.0,50475955.0
Philippines,2021-10-13,7123.0,173.0,460748.0,2690397.0,40069.0,50936703.0
Philippines,2021-10-14,7835.0,152.0,545360.0,2698232.0,40221.0,51482063.0
Philippines,2021-10-15,7505.0,203.0,,2705737.0,40424.0,
Philippines,2021-10-16,7718.0,156.0,,2713455.0,40580.0,
Philippines,2021-10-17,6888.0,95.0,,2720343.0,40675.0,52303905.0
Philippines,2021-10-18,6896.0,86.0,479449.0,2727239.0,40761.0,52783354.0
Philippines,2021-10-19,4474.0,211.0,531715.0,2731713.0,40972.0,53315069.0
Philippines,2021-10-20,3592.0,5.0,523179.0,2735305.0,40977.0,53838248.0
Philippines,2021-10-21,4806.0,260.0,605913.0,2740111.0,41237.0,54444161.0
Philippines,2021-10-22,11005.0,283.0,,2751116.0,41520.0,
Philippines,2021-10-23,528.0,65.0,,2751644.0,41585.0,
Philippines,2021-10-24,5258.0,208.0,,2756902.0,41793.0,55715693.0
Philippines,2021-10-25,4377.0,149.0,538836.0,2761279.0,41942.0,56254529.0
Philippines,2021-10-26,4352.0,135.0,520224.0,2765631.0,42077.0,56774753.0
Philippines,2021-10-27,3166.0,271.0,719401.0,2768797.0,42348.0,57494154.0
Philippines,2021-10-28,3694.0,227.0,718033.0,2772491.0,42575.0,58212187.0
Philippines,2021-10-29,7397.0,46.0,,2779888.0,42621.0,
Philippines,2021-10-30,3978.0,423.0,,2783866.0,43044.0,
Philippines,2021-10-31,3392.0,128.0,,2787258.0,43172.0,59316764.0
Philippines,2021-11-01,3095.0,104.0,156898.0,2790353.0,43276.0,59473662.0
Philippines,2021-11-02,1954.0,128.0,932762.0,2792307.0,43404.0,60406424.0
Philippines,2021-11-03,1569.0,182.0,948521.0,2793876.0,43586.0,61354945.0
Philippines,2021-11-04,1766.0,239.0,1119389.0,2795642.0,43825.0,62474334.0
Philippines,2021-11-05,2323.0,260.0,,2797965.0,44085.0,
Philippines,2021-11-06,2643.0,154.0,,2800608.0,44239.0,
Philippines,2021-11-07,2599.0,191.0,,2803207.0,44430.0,64195936.0
Philippines,2021-11-08,2078.0,91.0,751430.0,2805285.0,44521.0,64947366.0
Philippines,2021-11-09,1380.0,46.0,817010.0,2806665.0,44567.0,65764376.0
Philippines,2021-11-10,2609.0,98.0,1052600.0,2809274.0,44665.0,66816976.0
Philippines,2021-11-11,1974.0,201.0,899229.0,2811248.0,44866.0,67716205.0
Philippines,2021-11-12,1835.0,169.0,,2813083.0,45035.0,
Philippines,2021-11-13,2071.0,237.0,,2815154.0,45272.0,
Philippines,2021-11-14,1810.0,309.0,,2816964.0,45581.0,69713994.0
Philippines,2021-11-15,1528.0,128.0,963777.0,2818492.0,45709.0,70677771.0
Philippines,2021-11-16,812.0,99.0,1002361.0,2819304.0,45808.0,71680132.0
Philippines,2021-11-17,1152.0,309.0,1083310.0,2820456.0,46117.0,72763442.0
Philippines,2021-11-18,1297.0,305.0,1154131.0,2821753.0,46422.0,73917573.0
Philippines,2021-11-19,1272.0,276.0,,2823025.0,46698.0,
Philippines,2021-11-20,1158.0,205.0,,2824183.0,46903.0,
Philippines,2021-11-21,1686.0,171.0,,2825869.0,47074.0,75600808.0
Philippines,2021-11-22,798.0,214.0,,2826667.0,47288.0,
Philippines,2021-11-23,1103.0,194.0,,2827770.0,47482.0,
Philippines,2021-11-24,873.0,200.0,,2828643.0,47682.0,
Philippines,2021-11-25,958.0,193.0,,2829601.0,47875.0,
Philippines,2021-11-26,677.0,142.0,,2830278.0,48017.0,
Philippines,2021-11-27,691.0,188.0,,2830969.0,48205.0,
Philippines,2021-11-28,741.0,156.0,,2831710.0,48361.0,81296947.0
Philippines,2021-11-29,599.0,140.0,,2832309.0,48501.0,
Philippines,2021-11-30,229.0,44.0,,2832538.0,48545.0,86421420.0
Philippines,2021-12-01,371.0,167.0,2648872.0,2832909.0,48712.0,89070292.0
Philippines,2021-12-02,564.0,40.0,1189329.0,2833473.0,48752.0,90259621.0
Philippines,2021-12-03,304.0,235.0,,2833777.0,48987.0,
Philippines,2021-12-04,395.0,243.0,,2834172.0,49230.0,
Philippines,2021-12-05,439.0,156.0,,2834611.0,49386.0,91777433.0
Philippines,2021-12-06,378.0,113.0,975553.0,2834989.0,49499.0,92752986.0
Philippines,2021-12-07,234.0,92.0,,2835223.0,49591.0,
Philippines,2021-12-08,211.0,170.0,,2835434.0,49761.0,94236990.0
Philippines,2021-12-09,562.0,175.0,,2835996.0,49936.0,
Philippines,2021-12-10,8.0,25.0,,2836004.0,49961.0,
Philippines,2021-12-11,186.0,135.0,,2836190.0,50096.0,
Philippines,2021-12-12,253.0,184.0,,2836443.0,50280.0,
Philippines,2021-12-13,190.0,61.0,,2836633.0,50341.0,97237440.0
Philippines,2021-12-14,45.0,10.0,786383.0,2836678.0,50351.0,98023823.0
Philippines,2021-12-15,49.0,98.0,1115780.0,2836727.0,50449.0,99139603.0
Philippines,2021-12-16,281.0,47.0,873996.0,2837008.0,50496.0,100013599.0
Philippines,2021-12-17,256.0,74.0,,2837264.0,50570.0,
Philippines,2021-12-18,110.0,105.0,,2837374.0,50675.0,
Philippines,2021-12-19,88.0,64.0,,2837462.0,50739.0,100907667.0
Philippines,2021-12-20,89.0,45.0,748532.0,2837551.0,50784.0,101656199.0
Philippines,2021-12-21,0.0,0.0,,2837551.0,50784.0,
Philippines,2021-12-22,64.0,132.0,,2837615.0,50916.0,
Philippines,2021-12-23,112.0,65.0,,2837727.0,50981.0,
Philippines,2021-12-24,221.0,69.0,,2837948.0,51050.0,
Philippines,2021-12-25,259.0,137.0,,2838207.0,51187.0,
Philippines,2021-12-26,267.0,13.0,,2838474.0,51200.0,105412678.0
Philippines,2021-12-27,216.0,11.0,878263.0,2838690.0,51211.0,106290941.0
Philippines,2021-12-28,211.0,2.0,986565.0,2838901.0,51213.0,107277506.0
Philippines,2021-12-29,736.0,28.0,,2839637.0,51241.0,
Philippines,2021-12-30,1381.0,132.0,,2841018.0,51373.0,108534301.0
Philippines,2021-12-31,2851.0,131.0,,2843869.0,51504.0,
Philippines,2022-01-01,3462.0,41.0,,2847331.0,51545.0,
Philippines,2022-01-02,4404.0,25.0,,2851735.0,51570.0,
Philippines,2022-01-03,3950.0,16.0,,2855685.0,51586.0,
Philippines,2022-01-04,5285.0,18.0,,2860970.0,51604.0,110089619.0
Philippines,2022-01-05,10727.0,58.0,785956.0,2871697.0,51662.0,110875575.0
Philippines,2022-01-06,17148.0,81.0,1033255.0,2888845.0,51743.0,111908830.0
Philippines,2022-01-07,21572.0,128.0,,2910417.0,51871.0,
Philippines,2022-01-08,26323.0,264.0,,2936740.0,52135.0,
Philippines,2022-01-09,28621.0,15.0,,2965361.0,52150.0,113364030.0
Philippines,2022-01-10,33105.0,143.0,885191.0,2998466.0,52293.0,114249221.0
Philippines,2022-01-11,27922.0,218.0,1054191.0,3026388.0,52511.0,115303412.0
Philippines,2022-01-12,32000.0,143.0,980980.0,3058388.0,52654.0,116284392.0
Philippines,2022-01-13,33917.0,82.0,1053234.0,3092305.0,52736.0,117337626.0
Philippines,2022-01-14,37070.0,79.0,,3129375.0,52815.0,
Philippines,2022-01-15,38867.0,43.0,,3168242.0,52858.0,
Philippines,2022-01-16,37062.0,49.0,,3205304.0,52907.0,118944887.0
Philippines,2022-01-17,36983.0,22.0,801345.0,3242287.0,52929.0,119746232.0
Philippines,2022-01-18,28380.0,33.0,899282.0,3270667.0,52962.0,120645514.0
Philippines,2022-01-19,22638.0,82.0,847891.0,3293305.0,53044.0,121493405.0
Philippines,2022-01-20,31034.0,109.0,820091.0,3324339.0,53153.0,122313496.0
Philippines,2022-01-21,32633.0,156.0,,3356972.0,53309.0,
Philippines,2022-01-22,30416.0,97.0,,3387388.0,53406.0,
Philippines,2022-01-23,29730.0,66.0,,3417118.0,53472.0,123365808.0
Philippines,2022-01-24,24851.0,47.0,,3441969.0,53519.0,
Philippines,2022-01-25,17535.0,79.0,,3459504.0,53598.0,124510385.0
Philippines,2022-01-26,15752.0,66.0,578732.0,3475256.0,53664.0,125089117.0
Philippines,2022-01-27,18191.0,72.0,,3493447.0,53736.0,
Philippines,2022-01-28,17967.0,65.0,,3511414.0,53801.0,
Philippines,2022-01-29,17313.0,70.0,,3528727.0,53871.0,
Philippines,2022-01-30,16929.0,20.0,,3545656.0,53891.0,
Philippines,2022-01-31,14516.0,112.0,,3560172.0,54003.0,126951502.0
Philippines,2022-02-01,9465.0,51.0,212104.0,3569637.0,54054.0,127163606.0
Philippines,2022-02-02,7122.0,43.0,453482.0,3576759.0,54097.0,127617088.0
Philippines,2022-02-03,8702.0,71.0,,3585461.0,54168.0,
Philippines,2022-02-04,8321.0,46.0,,3593782.0,54214.0,128482870.0
Philippines,2022-02-05,7425.0,0.0,,3601207.0,54214.0,
Philippines,2022-02-06,8345.0,312.0,,3609552.0,54526.0,
Philippines,2022-02-07,6507.0,12.0,,3616059.0,54538.0,129125464.0
Philippines,2022-02-08,3466.0,83.0,,3619525.0,54621.0,
Philippines,2022-02-09,3475.0,69.0,,3623000.0,54690.0,
Philippines,2022-02-10,3849.0,93.0,,3626849.0,54783.0,
Philippines,2022-02-11,3727.0,71.0,,3630576.0,54854.0,
Philippines,2022-02-12,3654.0,76.0,,3634230.0,54930.0,
Philippines,2022-02-13,2982.0,0.0,,3637212.0,54930.0,
Philippines,2022-02-14,2718.0,164.0,,3639930.0,55094.0,132013140.0
Philippines,2022-02-15,1996.0,52.0,,3641926.0,55146.0,
Philippines,2022-02-16,2671.0,77.0,,3644597.0,55223.0,
Philippines,2022-02-17,2196.0,107.0,,3646793.0,55330.0,133234116.0
Philippines,2022-02-18,2032.0,79.0,,3648825.0,55409.0,
Philippines,2022-02-19,1666.0,198.0,,3650491.0,55607.0,
Philippines,2022-02-20,1608.0,77.0,,3652099.0,55684.0,
Philippines,2022-02-21,1166.0,79.0,,3653265.0,55763.0,134332014.0
Philippines,2022-02-22,910.0,13.0,,3654175.0,55776.0,
Philippines,2022-02-23,1422.0,201.0,,3655597.0,55977.0,
Philippines,2022-02-24,1745.0,188.0,,3657342.0,56165.0,
Philippines,2022-02-25,1455.0,59.0,,3658797.0,56224.0,
Philippines,2022-02-26,1214.0,127.0,,3660011.0,56351.0,
Philippines,2022-02-27,1035.0,50.0,,3661046.0,56401.0,
Philippines,2022-02-28,946.0,50.0,,3661992.0,56451.0,
Philippines,2022-03-01,1062.0,0.0,,3663054.0,56451.0,
Philippines,2022-03-02,862.0,53.0,,3663916.0,56504.0,
Philippines,2022-03-03,978.0,34.0,,3664894.0,56538.0,
Philippines,2022-03-04,843.0,232.0,,3665737.0,56770.0,
Philippines,2022-03-05,935.0,109.0,,3666672.0,56879.0,
Philippines,2022-03-06,863.0,144.0,,3667535.0,57023.0,
Philippines,2022-03-07,733.0,43.0,,3668268.0,57066.0,
Philippines,2022-03-08,80.0,6.0,,3668348.0,57072.0,
Philippines,2022-03-09,0.0,110.0,,3668348.0,57182.0,
Philippines,2022-03-10,592.0,76.0,,3668940.0,57258.0,
Philippines,2022-03-11,582.0,0.0,,3669522.0,57258.0,
Philippines,2022-03-12,653.0,183.0,,3670175.0,57441.0,
Philippines,2022-03-13,564.0,169.0,,3670739.0,57610.0,137351822.0
Philippines,2022-03-14,554.0,15.0,,3671293.0,57625.0,
Philippines,2022-03-15,383.0,0.0,,3671676.0,57625.0,
Philippines,2022-03-16,387.0,110.0,,3672063.0,57735.0,
Philippines,2022-03-17,598.0,145.0,,3672661.0,57880.0,
Philippines,2022-03-18,531.0,0.0,,3673192.0,57880.0,
Philippines,2022-03-19,517.0,143.0,,3673709.0,58023.0,
Philippines,2022-03-20,570.0,240.0,,3674279.0,58263.0,
Philippines,2022-03-21,414.0,13.0,,3674693.0,58276.0,
Philippines,2022-03-22,284.0,5.0,,3674977.0,58281.0,
Philippines,2022-03-23,402.0,282.0,,3675379.0,58563.0,
Philippines,2022-03-24,442.0,208.0,,3675821.0,58771.0,141226139.0
Philippines,2022-03-25,407.0,0.0,,3676228.0,58771.0,
Philippines,2022-03-26,433.0,113.0,,3676661.0,58884.0,
Philippines,2022-03-27,328.0,131.0,,3676989.0,59015.0,
Philippines,2022-03-28,381.0,15.0,,3677370.0,59030.0,
Philippines,2022-03-29,242.0,8.0,,3677612.0,59038.0,
Philippines,2022-03-30,181.0,87.0,,3677793.0,59125.0,
Philippines,2022-03-31,0.0,124.0,,3677793.0,59249.0,
Philippines,2022-04-01,348.0,75.0,,3678141.0,59324.0,
Philippines,2022-04-02,368.0,0.0,,3678509.0,59324.0,
Philippines,2022-04-03,666.0,19.0,,3679175.0,59343.0,
Philippines,2022-04-04,268.0,22.0,,3679443.0,59365.0,143036759.0
Philippines,2022-04-05,222.0,5.0,262895.0,3679665.0,59370.0,143299654.0
Philippines,2022-04-06,258.0,52.0,,3679923.0,59422.0,
Philippines,2022-04-07,268.0,169.0,,3680191.0,59591.0,143751271.0
Philippines,2022-04-08,285.0,0.0,,3680476.0,59591.0,
Philippines,2022-04-09,298.0,139.0,,3680774.0,59730.0,
Philippines,2022-04-10,272.0,39.0,,3681046.0,59769.0,
Philippines,2022-04-11,270.0,8.0,,3681316.0,59777.0,144072000.0
Philippines,2022-04-12,200.0,1.0,,3681516.0,59778.0,
Philippines,2022-04-13,226.0,113.0,,3681742.0,59891.0,
Philippines,2022-04-14,271.0,41.0,,3682013.0,59932.0,
Philippines,2022-04-15,267.0,0.0,,3682280.0,59932.0,
Philippines,2022-04-16,219.0,32.0,,3682499.0,59964.0,
Philippines,2022-04-17,194.0,5.0,,3682693.0,59969.0,
Philippines,2022-04-18,168.0,7.0,,3682861.0,59976.0,144781087.0
Philippines,2022-04-19,155.0,6.0,227791.0,3683016.0,59982.0,145008878.0
Philippines,2022-04-20,358.0,8.0,,3683374.0,59990.0,
Philippines,2022-04-21,129.0,66.0,,3683503.0,60056.0,
Philippines,2022-04-22,225.0,0.0,,3683728.0,60056.0,
Philippines,2022-04-23,202.0,123.0,,3683930.0,60179.0,
Philippines,2022-04-24,200.0,3.0,,3684130.0,60182.0,
Philippines,2022-04-25,211.0,12.0,,3684341.0,60194.0,
Philippines,2022-04-26,121.0,1.0,,3684462.0,60195.0,146227002.0
Philippines,2022-04-27,192.0,20.0,,3684654.0,60215.0,
Philippines,2022-04-28,187.0,52.0,,3684841.0,60267.0,146592864.0
Philippines,2022-04-29,182.0,0.0,,3685023.0,60267.0,
Philippines,2022-04-30,233.0,74.0,,3685256.0,60341.0,
Philippines,2022-05-01,251.0,56.0,,3685507.0,60397.0,
Philippines,2022-05-02,186.0,13.0,,3685693.0,60410.0,146869397.0
Philippines,2022-05-03,133.0,2.0,,3685826.0,60412.0,
Philippines,2022-05-04,158.0,27.0,,3685984.0,60439.0,
Philippines,2022-05-05,168.0,0.0,,3686152.0,60439.0,
Philippines,2022-05-06,150.0,0.0,,3686302.0,60439.0,
Philippines,2022-05-07,173.0,0.0,,3686475.0,60439.0,
Philippines,2022-05-08,149.0,0.0,,3686624.0,60439.0,
Philippines,2022-05-09,178.0,0.0,,3686802.0,60439.0,
Philippines,2022-05-10,126.0,0.0,,3686928.0,60439.0,
Philippines,2022-05-11,109.0,0.0,,3687037.0,60439.0,148002124.0
Philippines,2022-05-12,139.0,13.0,,3687176.0,60452.0,
Philippines,2022-05-13,179.0,0.0,,3687355.0,60452.0,
Philippines,2022-05-14,171.0,0.0,,3687526.0,60452.0,
Philippines,2022-05-15,203.0,0.0,,3687729.0,60452.0,
Philippines,2022-05-16,158.0,0.0,,3687887.0,60452.0,
Philippines,2022-05-17,110.0,0.0,,3687997.0,60452.0,
Philippines,2022-05-18,103.0,0.0,,3688100.0,60452.0,148744701.0
Philippines,2022-05-19,195.0,0.0,,3688295.0,60452.0,
Philippines,2022-05-20,210.0,0.0,,3688505.0,60452.0,148929189.0
Philippines,2022-05-21,245.0,3.0,,3688750.0,60455.0,
Philippines,2022-05-22,191.0,0.0,,3688941.0,60455.0,
Philippines,2022-05-23,191.0,0.0,,3689132.0,60455.0,149520786.0
Philippines,2022-05-24,149.0,0.0,,3689281.0,60455.0,
Philippines,2022-05-25,176.0,0.0,,3689457.0,60455.0,
Philippines,2022-05-26,199.0,0.0,,3689656.0,60455.0,
Philippines,2022-05-27,200.0,0.0,,3689856.0,60455.0,
Philippines,2022-05-28,198.0,0.0,,3690054.0,60455.0,
Philippines,2022-05-29,200.0,0.0,,3690254.0,60455.0,
Philippines,2022-05-30,194.0,0.0,,3690448.0,60455.0,
Philippines,2022-05-31,133.0,0.0,,3690581.0,60455.0,
Philippines,2022-06-01,126.0,0.0,,3690707.0,60455.0,
Philippines,2022-06-02,182.0,0.0,,3690889.0,60455.0,
Philippines,2022-06-03,225.0,0.0,,3691114.0,60455.0,
Philippines,2022-06-04,213.0,1.0,,3691327.0,60456.0,
Philippines,2022-06-05,218.0,0.0,,3691545.0,60456.0,150995394.0
Philippines,2022-06-06,179.0,0.0,,3691724.0,60456.0,
Philippines,2022-06-07,168.0,0.0,,3691892.0,60456.0,
Philippines,2022-06-08,192.0,0.0,,3692084.0,60456.0,
Philippines,2022-06-09,252.0,0.0,,3692336.0,60456.0,
Philippines,2022-06-10,0.0,0.0,,3692336.0,60456.0,
Philippines,2022-06-11,578.0,0.0,,3692914.0,60456.0,
Philippines,2022-06-12,308.0,5.0,,3693222.0,60461.0,151919132.0
Philippines,2022-06-13,386.0,0.0,,3693608.0,60461.0,
Philippines,2022-06-14,257.0,0.0,,3693865.0,60461.0,
Philippines,2022-06-15,239.0,0.0,,3694104.0,60461.0,
Philippines,2022-06-16,425.0,0.0,,3694529.0,60461.0,152865928.0
Philippines,2022-06-17,0.0,0.0,,3694529.0,60461.0,
Philippines,2022-06-18,1123.0,0.0,,3695652.0,60461.0,
Philippines,2022-06-19,612.0,6.0,,3696264.0,60467.0,
Philippines,2022-06-20,527.0,0.0,,3696791.0,60467.0,
Philippines,2022-06-21,409.0,9.0,,3697200.0,60476.0,
Philippines,2022-06-22,593.0,8.0,,3697793.0,60484.0,
Philippines,2022-06-23,716.0,11.0,,3698509.0,60495.0,153852751.0
Philippines,2022-06-24,0.0,0.0,,3698509.0,60495.0,
Philippines,2022-06-25,1519.0,0.0,,3700028.0,60495.0,
Philippines,2022-06-26,848.0,23.0,,3700876.0,60518.0,
Philippines,2022-06-27,867.0,0.0,,3701743.0,60518.0,
Philippines,2022-06-28,576.0,13.0,,3702319.0,60531.0,
Philippines,2022-06-29,779.0,11.0,,3703098.0,60542.0,
Philippines,2022-06-30,1309.0,13.0,,3704407.0,60555.0,
Philippines,2022-07-01,0.0,0.0,,3704407.0,60555.0,
Philippines,2022-07-02,2541.0,0.0,,3706948.0,60555.0,
Philippines,2022-07-03,0.0,37.0,,3706948.0,60592.0,
Philippines,2022-07-04,1250.0,10.0,,3708198.0,60602.0,
Philippines,2022-07-05,1115.0,8.0,,3709313.0,60610.0,
Philippines,2022-07-06,757.0,12.0,,3710070.0,60622.0,
Philippines,2022-07-07,1125.0,3.0,,3711195.0,60625.0,155714847.0
Philippines,2022-07-08,1936.0,0.0,,3713131.0,60625.0,
Philippines,2022-07-09,0.0,15.0,,3713131.0,60640.0,
Philippines,2022-07-10,3318.0,0.0,,3716449.0,60640.0,
Philippines,2022-07-11,1945.0,0.0,,3718394.0,60640.0,
Philippines,2022-07-12,1656.0,0.0,,3720050.0,60640.0,
Philippines,2022-07-13,1360.0,0.0,,3721410.0,60640.0,
Philippines,2022-07-14,1601.0,1.0,,3723011.0,60641.0,156547670.0
Philippines,2022-07-15,2371.0,0.0,,3725382.0,60641.0,
Philippines,2022-07-16,0.0,0.0,,3725382.0,60641.0,
Philippines,2022-07-17,5159.0,0.0,,3730541.0,60641.0,
Philippines,2022-07-18,2557.0,0.0,,3733098.0,60641.0,
Philippines,2022-07-19,2283.0,0.0,,3735381.0,60641.0,
Philippines,2022-07-20,1705.0,0.0,,3737086.0,60641.0,
Philippines,2022-07-21,2073.0,0.0,,3739159.0,60641.0,157393539.0
Philippines,2022-07-22,2828.0,0.0,,3741987.0,60641.0,
Philippines,2022-07-23,0.0,0.0,,3741987.0,60641.0,
Philippines,2022-07-24,6890.0,42.0,,3748877.0,60683.0,
Philippines,2022-07-25,3748.0,11.0,,3752625.0,60694.0,
Philippines,2022-07-26,2777.0,0.0,,3755402.0,60694.0,
Philippines,2022-07-27,2359.0,0.0,,3757761.0,60694.0,
Philippines,2022-07-28,2727.0,10.0,,3760488.0,60704.0,158195420.0
Philippines,2022-07-29,3858.0,0.0,,3764346.0,60704.0,
Philippines,2022-07-30,0.0,0.0,,3764346.0,60704.0,
Philippines,2022-07-31,8122.0,23.0,,3772468.0,60727.0,
Philippines,2022-08-01,4157.0,10.0,,3776625.0,60737.0,
Philippines,2022-08-02,3551.0,12.0,,3780176.0,60749.0,
Philippines,2022-08-03,2646.0,13.0,,3782822.0,60762.0,
Philippines,2022-08-04,3048.0,11.0,,3785870.0,60773.0,159096198.0
Philippines,2022-08-05,4439.0,34.0,,3790309.0,60807.0,
Philippines,2022-08-06,0.0,0.0,,3790309.0,60807.0,
Philippines,2022-08-07,9025.0,0.0,,3799334.0,60807.0,
Philippines,2022-08-08,4619.0,30.0,,3803953.0,60837.0,
Philippines,2022-08-09,4201.0,27.0,,3808154.0,60864.0,
Philippines,2022-08-10,2617.0,25.0,,3810771.0,60889.0,
Philippines,2022-08-11,3176.0,27.0,,3813947.0,60916.0,
Philippines,2022-08-12,4533.0,0.0,,3818480.0,60916.0,
Philippines,2022-08-13,0.0,0.0,,3818480.0,60916.0,
Philippines,2022-08-14,9279.0,120.0,,3827759.0,61036.0,
Philippines,2022-08-15,4179.0,42.0,,3831938.0,61078.0,
Philippines,2022-08-16,3491.0,49.0,,3835429.0,61127.0,
Philippines,2022-08-17,2622.0,46.0,,3838051.0,61173.0,
Philippines,2022-08-18,2899.0,48.0,,3840950.0,61221.0,161174158.0
Philippines,2022-08-19,3758.0,0.0,,3844708.0,61221.0,
Philippines,2022-08-20,0.0,136.0,,3844708.0,61357.0,
Philippines,2022-08-21,7453.0,0.0,,3852161.0,61357.0,
Philippines,2022-08-22,3600.0,29.0,,3855761.0,61386.0,
Philippines,2022-08-23,3041.0,40.0,,3858802.0,61426.0,
Philippines,2022-08-24,1652.0,50.0,,3860454.0,61476.0,
Philippines,2022-08-25,3491.0,43.0,,3863945.0,61519.0,
Philippines,2022-08-26,3126.0,0.0,,3867071.0,61519.0,162067505.0
Philippines,2022-08-27,0.0,0.0,,3867071.0,61519.0,
Philippines,2022-08-28,5252.0,148.0,,3872323.0,61667.0,
Philippines,2022-08-29,2214.0,53.0,,3874537.0,61720.0,
Philippines,2022-08-30,2525.0,53.0,,3877062.0,61773.0,
Philippines,2022-08-31,1609.0,41.0,,3878671.0,61814.0,
Philippines,2022-09-01,1519.0,50.0,,3880190.0,61864.0,162844138.0
Philippines,2022-09-02,3767.0,0.0,,3883957.0,61864.0,
Philippines,2022-09-03,0.0,0.0,,3883957.0,61864.0,
Philippines,2022-09-04,5140.0,147.0,,3889097.0,62011.0,
Philippines,2022-09-05,2274.0,51.0,,3891371.0,62062.0,
Philippines,2022-09-06,2143.0,56.0,,3893514.0,62118.0,
Philippines,2022-09-07,1277.0,49.0,,3894791.0,62167.0,
Philippines,2022-09-08,1687.0,39.0,,3896478.0,62206.0,163734141.0
Philippines,2022-09-09,2404.0,98.0,,3898882.0,62304.0,
Philippines,2022-09-10,7375.0,0.0,,3906257.0,62304.0,
Philippines,2022-09-11,0.0,0.0,,3906257.0,62304.0,
Philippines,2022-09-12,0.0,38.0,,3906257.0,62342.0,
Philippines,2022-09-13,1941.0,40.0,,3908198.0,62382.0,
Philippines,2022-09-14,1580.0,34.0,,3909778.0,62416.0,
Philippines,2022-09-15,1617.0,31.0,,3911395.0,62447.0,164304227.0
Philippines,2022-09-16,2141.0,0.0,,3913536.0,62447.0,
Philippines,2022-09-17,4790.0,0.0,,3918326.0,62447.0,
Philippines,2022-09-18,0.0,102.0,,3918326.0,62549.0,
Philippines,2022-09-19,2282.0,38.0,,3920608.0,62587.0,
Philippines,2022-09-20,3118.0,33.0,,3923726.0,62620.0,
Philippines,2022-09-21,1508.0,37.0,,3925234.0,62657.0,
Philippines,2022-09-22,1883.0,38.0,,3927117.0,62695.0,164981870.0
Philippines,2022-09-23,2702.0,0.0,,3929819.0,62695.0,
Philippines,2022-09-24,0.0,0.0,,3929819.0,62695.0,
Philippines,2022-09-25,4864.0,95.0,,3934683.0,62790.0,
Philippines,2022-09-26,3517.0,29.0,,3938200.0,62819.0,
Philippines,2022-09-27,1901.0,30.0,,3940101.0,62849.0,
Philippines,2022-09-28,1552.0,33.0,,3941653.0,62882.0,
Philippines,2022-09-29,1377.0,34.0,,3943030.0,62916.0,165883899.0
Philippines,2022-09-30,2536.0,0.0,,3945566.0,62916.0,
Philippines,2022-10-01,0.0,0.0,,3945566.0,62916.0,
Philippines,2022-10-02,6203.0,97.0,,3951769.0,63013.0,
Philippines,2022-10-03,2022.0,29.0,,3953791.0,63042.0,
Philippines,2022-10-04,1974.0,36.0,,3955765.0,63078.0,
Philippines,2022-10-05,1257.0,33.0,,3957022.0,63111.0,
Philippines,2022-10-06,1765.0,38.0,,3958787.0,63149.0,166730872.0
Philippines,2022-10-07,2562.0,0.0,,3961349.0,63149.0,
Philippines,2022-10-08,0.0,115.0,,3961349.0,63264.0,
Philippines,2022-10-09,4415.0,0.0,,3965764.0,63264.0,
Philippines,2022-10-10,2117.0,33.0,,3967881.0,63297.0,
Philippines,2022-10-11,2020.0,32.0,,3969901.0,63329.0,
Philippines,2022-10-12,1567.0,34.0,,3971468.0,63363.0,
Philippines,2022-10-13,1533.0,40.0,,3973001.0,63403.0,167252222.0
Philippines,2022-10-14,2883.0,0.0,,3975884.0,63403.0,
Philippines,2022-10-15,0.0,107.0,,3975884.0,63510.0,
Philippines,2022-10-16,4760.0,0.0,,3980644.0,63510.0,
Philippines,2022-10-17,2233.0,37.0,,3982877.0,63547.0,
Philippines,2022-10-18,1955.0,34.0,,3984832.0,63581.0,
Philippines,2022-10-19,1105.0,44.0,,3985937.0,63625.0,
Philippines,2022-10-20,1392.0,44.0,,3987329.0,63669.0,167639203.0
Philippines,2022-10-21,2227.0,0.0,,3989556.0,63669.0,
Philippines,2022-10-22,0.0,0.0,,3989556.0,63669.0,
Philippines,2022-10-23,3493.0,110.0,,3993049.0,63779.0,
Philippines,2022-10-24,1584.0,35.0,,3994633.0,63814.0,
Philippines,2022-10-25,1242.0,32.0,,3995875.0,63846.0,
Philippines,2022-10-26,945.0,0.0,,3996820.0,63846.0,
Philippines,2022-10-27,1027.0,75.0,,3997847.0,63921.0,167964363.0
Philippines,2022-10-28,1379.0,0.0,,3999226.0,63921.0,
Philippines,2022-10-29,0.0,0.0,,3999226.0,63921.0,
Philippines,2022-10-30,2863.0,112.0,,4002089.0,64033.0,
Philippines,2022-10-31,1277.0,41.0,,4003366.0,64074.0,
Philippines,2022-11-01,1115.0,35.0,,4004481.0,64109.0,
Philippines,2022-11-02,584.0,36.0,,4005065.0,64145.0,
Philippines,2022-11-03,788.0,34.0,,4005853.0,64179.0,
Philippines,2022-11-04,782.0,0.0,,4006635.0,64179.0,
Philippines,2022-11-05,0.0,0.0,,4006635.0,64179.0,
Philippines,2022-11-06,1821.0,95.0,,4008456.0,64274.0,
Philippines,2022-11-07,1017.0,17.0,,4009473.0,64291.0,
Philippines,2022-11-08,1458.0,7.0,,4010931.0,64298.0,
Philippines,2022-11-09,696.0,24.0,,4011627.0,64322.0,
Philippines,2022-11-10,1145.0,7.0,,4012772.0,64329.0,168356070.0
Philippines,2022-11-11,1267.0,0.0,,4014039.0,64329.0,
Philippines,2022-11-12,0.0,58.0,,4014039.0,64387.0,
Philippines,2022-11-13,2356.0,18.0,,4016395.0,64405.0,
Philippines,2022-11-14,1759.0,15.0,,4018154.0,64420.0,
Philippines,2022-11-15,1015.0,12.0,,4019169.0,64432.0,
Philippines,2022-11-16,986.0,9.0,,4020155.0,64441.0,
Philippines,2022-11-17,819.0,0.0,,4020974.0,64441.0,168636230.0
Philippines,2022-11-18,1153.0,0.0,,4022127.0,64441.0,
Philippines,2022-11-19,0.0,35.0,,4022127.0,64476.0,
Philippines,2022-11-20,2727.0,9.0,,4024854.0,64485.0,
Philippines,2022-11-21,1103.0,15.0,,4025957.0,64500.0,
Philippines,2022-11-22,817.0,4.0,,4026774.0,64504.0,
Philippines,2022-11-23,710.0,20.0,,4027484.0,64524.0,
Philippines,2022-11-24,576.0,0.0,,4028060.0,64524.0,168893220.0
Philippines,2022-11-25,1141.0,0.0,,4029201.0,64524.0,
Philippines,2022-11-26,0.0,70.0,,4029201.0,64594.0,
Philippines,2022-11-27,3155.0,14.0,,4032356.0,64608.0,
Philippines,2022-11-28,1219.0,12.0,,4033575.0,64620.0,
Philippines,2022-11-29,1111.0,21.0,,4034686.0,64641.0,
Philippines,2022-11-30,673.0,17.0,,4035359.0,64658.0,
Philippines,2022-12-01,950.0,0.0,,4036309.0,64658.0,169088496.0
Philippines,2022-12-02,1238.0,0.0,,4037547.0,64658.0,
Philippines,2022-12-03,0.0,67.0,,4037547.0,64725.0,
Philippines,2022-12-04,2303.0,25.0,,4039850.0,64750.0,
Philippines,2022-12-05,1191.0,20.0,,4041041.0,64770.0,
Philippines,2022-12-06,1012.0,24.0,,4042053.0,64794.0,
Philippines,2022-12-07,910.0,26.0,,4042963.0,64820.0,
Philippines,2022-12-08,912.0,0.0,,4043875.0,64820.0,
Philippines,2022-12-09,1483.0,0.0,,4045358.0,64820.0,
Philippines,2022-12-10,0.0,60.0,,4045358.0,64880.0,
Philippines,2022-12-11,2550.0,22.0,,4047908.0,64902.0,
Philippines,2022-12-12,1022.0,19.0,,4048930.0,64921.0,
Philippines,2022-12-13,1145.0,23.0,,4050075.0,64944.0,
Philippines,2022-12-14,670.0,24.0,,4050745.0,64968.0,
Philippines,2022-12-15,1038.0,0.0,,4051783.0,64968.0,169574232.0
Philippines,2022-12-16,1184.0,66.0,,4052967.0,65034.0,
Philippines,2022-12-17,1233.0,30.0,,4054200.0,65064.0,
Philippines,2022-12-18,1066.0,30.0,,4055266.0,65094.0,
Philippines,2022-12-19,1000.0,33.0,,4056266.0,65127.0,
Philippines,2022-12-20,737.0,15.0,,4057003.0,65142.0,
Philippines,2022-12-21,639.0,30.0,,4057642.0,65172.0,
Philippines,2022-12-22,696.0,0.0,,4058338.0,65172.0,
Philippines,2022-12-23,1031.0,0.0,,4059369.0,65172.0,
Philippines,2022-12-24,0.0,0.0,,4059369.0,65172.0,
Philippines,2022-12-25,0.0,90.0,,4059369.0,65262.0,
Philippines,2022-12-26,2186.0,0.0,,4061555.0,65262.0,
Philippines,2022-12-27,636.0,47.0,,4062191.0,65309.0,
Philippines,2022-12-28,211.0,0.0,,4062402.0,65309.0,
Philippines,2022-12-29,257.0,0.0,,4062659.0,65309.0,169779996.0
Philippines,2022-12-30,0.0,0.0,,4062659.0,65309.0,
Philippines,2022-12-31,0.0,88.0,,4062659.0,65397.0,
Philippines,2023-01-01,0.0,18.0,,4062659.0,65415.0,
Philippines,2023-01-02,2145.0,20.0,,4064804.0,65435.0,
Philippines,2023-01-03,369.0,10.0,,4065173.0,65445.0,
Philippines,2023-01-04,44.0,6.0,,4065217.0,65451.0,
Philippines,2023-01-05,234.0,0.0,,4065451.0,65451.0,169838560.0
Philippines,2023-01-06,459.0,0.0,,4065910.0,65451.0,
Philippines,2023-01-07,0.0,25.0,,4065910.0,65476.0,
Philippines,2023-01-08,1301.0,10.0,,4067211.0,65486.0,
Philippines,2023-01-09,370.0,12.0,,4067581.0,65498.0,
Philippines,2023-01-10,512.0,11.0,,4068093.0,65509.0,
Philippines,2023-01-11,228.0,17.0,,4068321.0,65526.0,
Philippines,2023-01-12,519.0,0.0,,4068840.0,65526.0,169916574.0
Philippines,2023-01-13,307.0,0.0,,4069147.0,65526.0,
Philippines,2023-01-14,0.0,64.0,,4069147.0,65590.0,
Philippines,2023-01-15,861.0,24.0,,4070008.0,65614.0,
Philippines,2023-01-16,306.0,4.0,,4070314.0,65618.0,
Philippines,2023-01-17,165.0,19.0,,4070479.0,65637.0,
Philippines,2023-01-18,247.0,17.0,,4070726.0,65654.0,
Philippines,2023-01-19,174.0,0.0,,4070900.0,65654.0,170014442.0
Philippines,2023-01-20,251.0,0.0,,4071151.0,65654.0,
Philippines,2023-01-21,0.0,40.0,,4071151.0,65694.0,
Philippines,2023-01-22,413.0,22.0,,4071564.0,65716.0,
Philippines,2023-01-23,293.0,10.0,,4071857.0,65726.0,
Philippines,2023-01-24,215.0,4.0,,4072072.0,65730.0,
Philippines,2023-01-25,22.0,5.0,,4072094.0,65735.0,
Philippines,2023-01-26,213.0,0.0,,4072307.0,65735.0,
Philippines,2023-01-27,181.0,0.0,,4072488.0,65735.0,
Philippines,2023-01-28,0.0,32.0,,4072488.0,65767.0,
Philippines,2023-01-29,257.0,8.0,,4072745.0,65775.0,
Philippines,2023-01-30,212.0,4.0,,4072957.0,65779.0,
Philippines,2023-01-31,157.0,23.0,,4073114.0,65802.0,
Philippines,2023-02-01,141.0,8.0,,4073255.0,65810.0,
Philippines,2023-02-02,104.0,0.0,,4073359.0,65810.0,170244838.0
Philippines,2023-02-03,145.0,0.0,,4073504.0,65810.0,
Philippines,2023-02-04,0.0,41.0,,4073504.0,65851.0,
Philippines,2023-02-05,286.0,14.0,,4073790.0,65865.0,
Philippines,2023-02-06,0.0,10.0,,4073790.0,65875.0,
Philippines,2023-02-07,123.0,0.0,,4073913.0,65875.0,
Philippines,2023-02-08,67.0,29.0,,4073980.0,65904.0,
Philippines,2023-02-09,157.0,0.0,,4074137.0,65904.0,170366733.0
Philippines,2023-02-10,162.0,0.0,,4074299.0,65904.0,
Philippines,2023-02-11,0.0,45.0,,4074299.0,65949.0,
Philippines,2023-02-12,169.0,9.0,,4074468.0,65958.0,
Philippines,2023-02-13,279.0,10.0,,4074747.0,65968.0,
Philippines,2023-02-14,74.0,17.0,,4074821.0,65985.0,
Philippines,2023-02-15,57.0,14.0,,4074878.0,65999.0,
Philippines,2023-02-16,76.0,0.0,,4074954.0,65999.0,170457489.0
Philippines,2023-02-17,119.0,0.0,,4075073.0,65999.0,
Philippines,2023-02-18,0.0,22.0,,4075073.0,66021.0,
Philippines,2023-02-19,309.0,9.0,,4075382.0,66030.0,
Philippines,2023-02-20,50.0,9.0,,4075432.0,66039.0,
Philippines,2023-02-21,97.0,12.0,,4075529.0,66051.0,
Philippines,2023-02-22,133.0,12.0,,4075662.0,66063.0,
Philippines,2023-02-23,0.0,0.0,,4075662.0,66063.0,170545638.0
Philippines,2023-02-24,150.0,0.0,,4075812.0,66063.0,
Philippines,2023-02-25,0.0,34.0,,4075812.0,66097.0,
Philippines,2023-02-26,308.0,11.0,,4076120.0,66108.0,
Philippines,2023-02-27,22.0,3.0,,4076142.0,66111.0,
Philippines,2023-02-28,88.0,7.0,,4076230.0,66118.0,
Philippines,2023-03-01,67.0,8.0,,4076297.0,66126.0,
Philippines,2023-03-02,107.0,0.0,,4076404.0,66126.0,170638379.0
Philippines,2023-03-03,166.0,0.0,,4076570.0,66126.0,
Philippines,2023-03-04,0.0,27.0,,4076570.0,66153.0,
Philippines,2023-03-05,288.0,7.0,,4076858.0,66160.0,
Philippines,2023-03-06,134.0,7.0,,4076992.0,66167.0,
Philippines,2023-03-07,104.0,9.0,,4077096.0,66176.0,
Philippines,2023-03-08,73.0,12.0,,4077169.0,66188.0,
Philippines,2023-03-09,121.0,0.0,,4077290.0,66188.0,170690206.0
Philippines,2023-03-10,162.0,0.0,,4077452.0,66188.0,
Philippines,2023-03-11,0.0,22.0,,4077452.0,66210.0,
Philippines,2023-03-12,296.0,7.0,,4077748.0,66217.0,
Philippines,2023-03-13,147.0,9.0,,4077895.0,66226.0,
Philippines,2023-03-14,132.0,11.0,,4078027.0,66237.0,
Philippines,2023-03-15,97.0,8.0,,4078124.0,66245.0,
Philippines,2023-03-16,95.0,0.0,,4078219.0,66245.0,
Philippines,2023-03-17,261.0,27.0,,4078480.0,66272.0,
Philippines,2023-03-18,0.0,0.0,,4078480.0,66272.0,
Philippines,2023-03-19,329.0,0.0,,4078809.0,66272.0,189317158.0
Philippines,2023-03-20,174.0,16.0,,4078983.0,66288.0,
Philippines,2023-03-21,64.0,7.0,,4079047.0,66295.0,
Philippines,2023-03-22,178.0,9.0,,4079225.0,66304.0,
Philippines,2023-03-23,139.0,0.0,,4079364.0,66304.0,
Philippines,2023-03-24,137.0,0.0,,4079501.0,66304.0,
Philippines,2023-03-25,0.0,28.0,,4079501.0,66332.0,
Philippines,2023-03-26,471.0,10.0,,4079972.0,66342.0,
Philippines,2023-03-27,210.0,9.0,,4080182.0,66351.0,
Philippines,2023-03-28,215.0,8.0,,4080397.0,66359.0,
Philippines,2023-03-29,151.0,0.0,,4080548.0,66359.0,
Philippines,2023-03-30,172.0,5.0,,4080720.0,66364.0,
Philippines,2023-03-31,237.0,0.0,,4080957.0,66364.0,
Philippines,2023-04-01,0.0,0.0,,4080957.0,66364.0,
Philippines,2023-04-02,556.0,26.0,,4081513.0,66390.0,
Philippines,2023-04-03,688.0,0.0,,4082201.0,66390.0,
Philippines,2023-04-04,0.0,0.0,,4082201.0,66390.0,
Philippines,2023-04-05,217.0,0.0,,4082418.0,66390.0,
Philippines,2023-04-06,0.0,0.0,,4082418.0,66390.0,
Philippines,2023-04-07,0.0,0.0,,4082418.0,66390.0,
Philippines,2023-04-08,0.0,0.0,,4082418.0,66390.0,
Philippines,2023-04-09,1083.0,30.0,,4083501.0,66420.0,
Philippines,2023-04-10,162.0,5.0,,4083663.0,66425.0,
Philippines,2023-04-11,165.0,0.0,,4083828.0,66425.0,
Philippines,2023-04-12,190.0,6.0,,4084018.0,66431.0,
Philippines,2023-04-13,223.0,2.0,,4084241.0,66433.0,
Philippines,2023-04-14,385.0,0.0,,4084626.0,66433.0,
Philippines,2023-04-15,0.0,0.0,,4084626.0,66433.0,
Philippines,2023-04-16,900.0,6.0,,4085526.0,66439.0,
Philippines,2023-04-17,429.0,2.0,,4085955.0,66441.0,
Philippines,2023-04-18,378.0,2.0,,4086333.0,66443.0,
Philippines,2023-04-19,266.0,0.0,,4086599.0,66443.0,
Philippines,2023-04-20,357.0,1.0,,4086956.0,66444.0,
Philippines,2023-04-21,465.0,0.0,,4087421.0,66444.0,
Philippines,2023-04-22,543.0,0.0,,4087964.0,66444.0,
Philippines,2023-04-23,0.0,0.0,,4087964.0,66444.0,
Philippines,2023-04-24,1001.0,0.0,,4088965.0,66444.0,
Philippines,2023-04-25,429.0,0.0,,4089394.0,66444.0,
Philippines,2023-04-26,315.0,0.0,,4089709.0,66444.0,
Philippines,2023-04-27,506.0,0.0,,4090215.0,66444.0,
Philippines,2023-04-28,781.0,0.0,,4090996.0,66444.0,
Philippines,2023-04-29,0.0,0.0,,4090996.0,66444.0,
Philippines,2023-04-30,858.0,0.0,,4091854.0,66444.0,
Philippines,2023-05-01,304.0,0.0,,4092158.0,66444.0,
Philippines,2023-05-02,2467.0,0.0,,4094625.0,66444.0,
Philippines,2023-05-03,843.0,0.0,,4095468.0,66444.0,
Philippines,2023-05-04,867.0,0.0,,4096335.0,66444.0,
Philippines,2023-05-05,1190.0,0.0,,4097525.0,66444.0,
Philippines,2023-05-06,0.0,0.0,,4097525.0,66444.0,
Philippines,2023-05-07,3343.0,9.0,,4100868.0,66453.0,
Philippines,2023-05-08,1920.0,0.0,,4102788.0,66453.0,
Philippines,2023-05-09,1545.0,0.0,,4104333.0,66453.0,
Philippines,2023-05-10,1165.0,0.0,,4105498.0,66453.0,
Philippines,2023-05-11,1476.0,0.0,,4106974.0,66453.0,
Philippines,2023-05-12,1940.0,0.0,,4108914.0,66453.0,
Philippines,2023-05-13,0.0,0.0,,4108914.0,66453.0,
Philippines,2023-05-14,4179.0,0.0,,4113093.0,66453.0,
Philippines,2023-05-15,2109.0,0.0,,4115202.0,66453.0,
Philippines,2023-05-16,1723.0,0.0,,4116925.0,66453.0,
Philippines,2023-05-17,1088.0,0.0,,4118013.0,66453.0,
Philippines,2023-05-18,1503.0,0.0,,4119516.0,66453.0,
Philippines,2023-05-19,2014.0,0.0,,4121530.0,66453.0,
Philippines,2023-05-20,0.0,0.0,,4121530.0,66453.0,
Philippines,2023-05-21,4186.0,13.0,,4125716.0,66466.0,
Philippines,2023-05-22,1912.0,0.0,,4127628.0,66466.0,
Philippines,2023-05-23,1637.0,0.0,,4129265.0,66466.0,
Philippines,2023-05-24,1002.0,0.0,,4130267.0,66466.0,
Philippines,2023-05-25,1523.0,0.0,,4131790.0,66466.0,
Philippines,2023-05-26,1854.0,0.0,,4133644.0,66466.0,
Philippines,2023-05-27,0.0,0.0,,4133644.0,66466.0,
Philippines,2023-05-28,3796.0,0.0,,4137440.0,66466.0,
Philippines,2023-05-29,1855.0,0.0,,4139295.0,66466.0,
Philippines,2023-05-30,1385.0,0.0,,4140680.0,66466.0,
Philippines,2023-05-31,855.0,0.0,,4141535.0,66466.0,
Philippines,2023-06-01,1279.0,0.0,,4142814.0,66466.0,
Philippines,2023-06-02,0.0,10.0,,4142814.0,66476.0,
Philippines,2023-06-03,2978.0,0.0,,4145792.0,66476.0,
Philippines,2023-06-04,1337.0,0.0,,4147129.0,66476.0,
Philippines,2023-06-05,1272.0,5.0,,4148401.0,66481.0,
Philippines,2023-06-06,1104.0,0.0,,4149505.0,66481.0,
Philippines,2023-06-07,676.0,,,4150181.0,66476.0,
Philippines,2023-06-08,898.0,0.0,,4151079.0,66476.0,
Philippines,2023-06-09,1131.0,0.0,,4152210.0,66476.0,
Philippines,2023-06-10,1102.0,0.0,,4153312.0,66476.0,
Philippines,2023-06-11,878.0,5.0,,4154190.0,66481.0,
Philippines,2023-06-12,841.0,0.0,,4155031.0,66481.0,
Philippines,2023-06-13,727.0,0.0,,4155758.0,66481.0,
Philippines,2023-06-14,418.0,0.0,,4156176.0,66481.0,
Philippines,2023-06-15,468.0,0.0,,4156644.0,66481.0,
Philippines,2023-06-16,528.0,0.0,,4157172.0,66481.0,
Philippines,2023-06-17,812.0,0.0,,4157984.0,66481.0,
Philippines,2023-06-18,600.0,0.0,,4158584.0,66481.0,
Philippines,2023-06-19,726.0,1.0,,4159310.0,66482.0,
Philippines,2023-06-20,505.0,0.0,,4159815.0,66482.0,
Philippines,2023-06-21,339.0,0.0,,4160154.0,66482.0,
Philippines,2023-06-22,497.0,0.0,,4160651.0,66482.0,
Philippines,2023-06-23,584.0,0.0,,4161235.0,66482.0,
Philippines,2023-06-24,532.0,0.0,,4161767.0,66482.0,
Philippines,2023-06-25,464.0,0.0,,4162231.0,66482.0,
Philippines,2023-06-26,521.0,0.0,,4162752.0,66482.0,
Philippines,2023-06-27,423.0,0.0,,4163175.0,66482.0,
Philippines,2023-06-28,297.0,1.0,,4163472.0,66483.0,
Philippines,2023-06-29,385.0,1.0,,4163857.0,66484.0,
Philippines,2023-06-30,503.0,0.0,,4164360.0,66484.0,
Philippines,2023-07-01,397.0,0.0,,4164757.0,66484.0,
Philippines,2023-07-02,319.0,0.0,,4165076.0,66484.0,
Philippines,2023-07-03,423.0,0.0,,4165499.0,66484.0,
Philippines,2023-07-04,0.0,0.0,,4165499.0,66484.0,
Philippines,2023-07-05,0.0,0.0,,4165499.0,66484.0,
Philippines,2023-07-06,0.0,0.0,,4165499.0,66484.0,
Philippines,2023-07-07,0.0,0.0,,4165499.0,66484.0,
Philippines,2023-07-08,0.0,0.0,,4165499.0,66484.0,
Philippines,2023-07-09,0.0,0.0,,4165499.0,66484.0,
Philippines,2023-07-10,2510.0,0.0,,4168009.0,66484.0,
Philippines,2023-07-11,0.0,0.0,,4168009.0,66484.0,
Philippines,2023-07-12,0.0,0.0,,4168009.0,66484.0,
Philippines,2023-07-13,0.0,0.0,,4168009.0,66484.0,
Philippines,2023-07-14,0.0,0.0,,4168009.0,66484.0,
Philippines,2023-07-15,0.0,0.0,,4168009.0,66484.0,
Philippines,2023-07-16,0.0,0.0,,4168009.0,66484.0,
Philippines,2023-07-17,1938.0,26.0,,4169947.0,66510.0,
Philippines,2023-07-18,0.0,0.0,,4169947.0,66510.0,
Philippines,2023-07-19,0.0,0.0,,4169947.0,66510.0,
Philippines,2023-07-20,0.0,0.0,,4169947.0,66510.0,
Philippines,2023-07-21,0.0,0.0,,4169947.0,66510.0,
Philippines,2023-07-22,0.0,0.0,,4169947.0,66510.0,
Philippines,2023-07-23,0.0,0.0,,4169947.0,66510.0,
Philippines,2023-07-24,1671.0,32.0,,4171618.0,66542.0,
Philippines,2023-07-25,0.0,0.0,,4171618.0,66542.0,
Philippines,2023-07-26,0.0,0.0,,4171618.0,66542.0,
Philippines,2023-07-27,0.0,0.0,,4171618.0,66542.0,
Philippines,2023-07-28,0.0,0.0,,4171618.0,66542.0,
Philippines,2023-07-29,0.0,0.0,,4171618.0,66542.0,
Philippines,2023-07-30,0.0,0.0,,4171618.0,66542.0,
Philippines,2023-07-31,1302.0,50.0,,4172920.0,66592.0,
Philippines,2023-08-01,0.0,34.0,,4172920.0,66626.0,
Philippines,2023-08-02,0.0,0.0,,4172920.0,66626.0,
Philippines,2023-08-03,0.0,0.0,,4172920.0,66626.0,
Philippines,2023-08-04,0.0,0.0,,4172920.0,66626.0,
Philippines,2023-08-05,0.0,0.0,,4172920.0,66626.0,
Philippines,2023-08-06,557.0,0.0,,4173477.0,66626.0,
Philippines,2023-08-07,154.0,0.0,,4173631.0,66626.0,
Philippines,2023-08-08,0.0,20.0,,4173631.0,66646.0,
Philippines,2023-08-09,0.0,0.0,,4173631.0,66646.0,
Philippines,2023-08-10,0.0,0.0,,4173631.0,66646.0,
Philippines,2023-08-11,0.0,0.0,,4173631.0,66646.0,
Philippines,2023-08-12,0.0,0.0,,4173631.0,66646.0,
Philippines,2023-08-13,0.0,0.0,,4173631.0,66646.0,
Philippines,2023-08-14,,0.0,,4108552.0,66646.0,
Philippines,2023-08-15,0.0,0.0,,4108552.0,66646.0,
Philippines,2023-08-16,0.0,0.0,,4108552.0,66646.0,
Philippines,2023-08-17,0.0,0.0,,4108552.0,66646.0,
Philippines,2023-08-18,0.0,0.0,,4108552.0,66646.0,
Philippines,2023-08-19,0.0,0.0,,4108552.0,66646.0,
Philippines,2023-08-20,0.0,0.0,,4108552.0,66646.0,
Philippines,2023-08-21,342.0,10.0,,4108894.0,66656.0,
Philippines,2023-08-22,0.0,0.0,,4108894.0,66656.0,
Philippines,2023-08-23,0.0,0.0,,4108894.0,66656.0,
Philippines,2023-08-24,0.0,0.0,,4108894.0,66656.0,
Philippines,2023-08-25,0.0,0.0,,4108894.0,66656.0,
Philippines,2023-08-26,0.0,0.0,,4108894.0,66656.0,
Philippines,2023-08-27,0.0,0.0,,4108894.0,66656.0,
Philippines,2023-08-28,623.0,5.0,,4109517.0,66661.0,
Philippines,2023-08-29,0.0,0.0,,4109517.0,66661.0,
Philippines,2023-08-30,0.0,0.0,,4109517.0,66661.0,
Philippines,2023-08-31,0.0,0.0,,4109517.0,66661.0,
Philippines,2023-09-01,0.0,0.0,,4109517.0,66661.0,
Philippines,2023-09-02,0.0,0.0,,4109517.0,66661.0,
Philippines,2023-09-03,688.0,0.0,,4110205.0,66661.0,
Philippines,2023-09-04,138.0,6.0,,4110343.0,66667.0,
Philippines,2023-09-05,0.0,0.0,,4110343.0,66667.0,
Philippines,2023-09-06,0.0,0.0,,4110343.0,66667.0,
Philippines,2023-09-07,0.0,0.0,,4110343.0,66667.0,
Philippines,2023-09-08,0.0,0.0,,4110343.0,66667.0,
Philippines,2023-09-09,0.0,0.0,,4110343.0,66667.0,
Philippines,2023-09-10,0.0,0.0,,4110343.0,66667.0,
Philippines,2023-09-11,0.0,0.0,,4110343.0,66667.0,
Philippines,2023-09-12,0.0,0.0,,4110343.0,66667.0,
Philippines,2023-09-13,0.0,0.0,,4110343.0,66667.0,
